{"id1":"ABHIDHEYSINGH.c","id2":"ARYAMANBOHRA.c","similarities":{"MAX":0.9095744680851063,"AVG":0.9023746701846965},"matches":[{"file1":"ABHIDHEYSINGH.c/ABHIDHEYSINGH.c","file2":"ARYAMANBOHRA.c/ARYAMANBOHRA.c","start1":42,"start1_col":5,"startToken1":33,"end1":190,"end1_col":1,"endToken1":187,"start2":45,"start2_col":5,"startToken2":36,"end2":195,"endToken2":1,"end2_col":190,"tokens":155},{"file1":"ABHIDHEYSINGH.c/ABHIDHEYSINGH.c","file2":"ARYAMANBOHRA.c/ARYAMANBOHRA.c","start1":12,"start1_col":1,"startToken1":0,"end1":30,"end1_col":12,"endToken1":15,"start2":12,"start2_col":1,"startToken2":0,"end2":29,"endToken2":10,"end2_col":15,"tokens":16}],"first_similarity":0.9095744680851063,"second_similarity":0.8952879581151832}