{"id1":"ABHIDHEYSINGH.c","id2":"RUPALIGOYAL.c","similarities":{"MAX":0.9148936170212766,"AVG":0.8410757946210269},"matches":[{"file1":"ABHIDHEYSINGH.c/ABHIDHEYSINGH.c","file2":"RUPALIGOYAL.c/RUPALIGOYAL.c","start1":41,"start1_col":9,"startToken1":32,"end1":190,"end1_col":1,"endToken1":187,"start2":81,"start2_col":9,"startToken2":65,"end2":234,"endToken2":1,"end2_col":220,"tokens":156},{"file1":"ABHIDHEYSINGH.c/ABHIDHEYSINGH.c","file2":"RUPALIGOYAL.c/RUPALIGOYAL.c","start1":12,"start1_col":1,"startToken1":0,"end1":30,"end1_col":12,"endToken1":15,"start2":12,"start2_col":1,"startToken2":0,"end2":30,"endToken2":12,"end2_col":15,"tokens":16}],"first_similarity":0.9148936170212766,"second_similarity":0.7782805429864253}