{"id1":"ABHIDHEYSINGH.c","id2":"prathambansal111.c","similarities":{"MAX":0.9148936170212766,"AVG":0.9124668435013262},"matches":[{"file1":"ABHIDHEYSINGH.c/ABHIDHEYSINGH.c","file2":"prathambansal111.c/prathambansal111.c","start1":41,"start1_col":9,"startToken1":32,"end1":190,"end1_col":1,"endToken1":187,"start2":41,"start2_col":9,"startToken2":33,"end2":191,"endToken2":1,"end2_col":188,"tokens":156},{"file1":"ABHIDHEYSINGH.c/ABHIDHEYSINGH.c","file2":"prathambansal111.c/prathambansal111.c","start1":12,"start1_col":1,"startToken1":0,"end1":30,"end1_col":12,"endToken1":15,"start2":12,"start2_col":1,"startToken2":0,"end2":30,"endToken2":10,"end2_col":15,"tokens":16}],"first_similarity":0.9148936170212766,"second_similarity":0.91005291005291}