{"id1":"anmolsahu2.c","id2":"sharma2005bobby.c","similarities":{"MAX":0.9940119760479041,"AVG":0.907103825136612},"matches":[{"file1":"anmolsahu2.c/anmolsahu2.c","file2":"sharma2005bobby.c/sharma2005bobby.c","start1":31,"start1_col":1,"startToken1":14,"end1":178,"end1_col":1,"endToken1":166,"start2":51,"start2_col":1,"startToken2":46,"end2":198,"endToken2":1,"end2_col":198,"tokens":153},{"file1":"anmolsahu2.c/anmolsahu2.c","file2":"sharma2005bobby.c/sharma2005bobby.c","start1":12,"start1_col":1,"startToken1":0,"end1":28,"end1_col":45,"endToken1":12,"start2":12,"start2_col":1,"startToken2":0,"end2":28,"endToken2":42,"end2_col":12,"tokens":13}],"first_similarity":0.9940119760479041,"second_similarity":0.8341708542713567}