{"id1":"anmolsahu2.c","id2":"anushkasharma142.c","similarities":{"MAX":1.0,"AVG":0.9653179190751445},"matches":[{"file1":"anmolsahu2.c/anmolsahu2.c","file2":"anushkasharma142.c/anushkasharma142.c","start1":31,"start1_col":1,"startToken1":14,"end1":178,"end1_col":1,"endToken1":166,"start2":37,"start2_col":1,"startToken2":26,"end2":184,"endToken2":1,"end2_col":178,"tokens":153},{"file1":"anmolsahu2.c/anmolsahu2.c","file2":"anushkasharma142.c/anushkasharma142.c","start1":12,"start1_col":1,"startToken1":0,"end1":28,"end1_col":55,"endToken1":13,"start2":12,"start2_col":1,"startToken2":0,"end2":28,"endToken2":55,"end2_col":13,"tokens":14}],"first_similarity":1.0,"second_similarity":0.9329608938547486}