{"id1":"anushkasharma142.c","id2":"nairsuraj2111.c","similarities":{"MAX":0.9664804469273743,"AVG":0.9611111111111111},"matches":[{"file1":"anushkasharma142.c/anushkasharma142.c","file2":"nairsuraj2111.c/nairsuraj2111.c","start1":33,"start1_col":13,"startToken1":22,"end1":184,"end1_col":1,"endToken1":178,"start2":34,"start2_col":13,"startToken2":24,"end2":185,"endToken2":1,"end2_col":180,"tokens":157},{"file1":"anushkasharma142.c/anushkasharma142.c","file2":"nairsuraj2111.c/nairsuraj2111.c","start1":12,"start1_col":1,"startToken1":0,"end1":30,"end1_col":10,"endToken1":15,"start2":12,"start2_col":1,"startToken2":0,"end2":29,"endToken2":10,"end2_col":15,"tokens":16}],"first_similarity":0.9664804469273743,"second_similarity":0.9558011049723757}