{"id1":"anushkasharma142.c","id2":"riddhikhandelwal.c","similarities":{"MAX":0.9720670391061452,"AVG":0.9508196721311475},"matches":[{"file1":"anushkasharma142.c/anushkasharma142.c","file2":"riddhikhandelwal.c/riddhikhandelwal.c","start1":33,"start1_col":13,"startToken1":22,"end1":184,"end1_col":1,"endToken1":178,"start2":37,"start2_col":13,"startToken2":30,"end2":188,"endToken2":1,"end2_col":186,"tokens":157},{"file1":"anushkasharma142.c/anushkasharma142.c","file2":"riddhikhandelwal.c/riddhikhandelwal.c","start1":12,"start1_col":1,"startToken1":0,"end1":31,"end1_col":7,"endToken1":16,"start2":12,"start2_col":1,"startToken2":0,"end2":30,"endToken2":7,"end2_col":16,"tokens":17}],"first_similarity":0.9720670391061452,"second_similarity":0.93048128342246}