{"id1":"anushkasharma142.c","id2":"ABHIDHEYSINGH.c","similarities":{"MAX":0.994413407821229,"AVG":0.9700272479564033},"matches":[{"file1":"anushkasharma142.c/anushkasharma142.c","file2":"ABHIDHEYSINGH.c/ABHIDHEYSINGH.c","start1":34,"start1_col":9,"startToken1":23,"end1":184,"end1_col":1,"endToken1":178,"start2":41,"start2_col":9,"startToken2":32,"end2":190,"endToken2":1,"end2_col":187,"tokens":156},{"file1":"anushkasharma142.c/anushkasharma142.c","file2":"ABHIDHEYSINGH.c/ABHIDHEYSINGH.c","start1":12,"start1_col":1,"startToken1":0,"end1":32,"end1_col":29,"endToken1":21,"start2":12,"start2_col":1,"startToken2":0,"end2":32,"endToken2":27,"end2_col":21,"tokens":22}],"first_similarity":0.994413407821229,"second_similarity":0.9468085106382979}