{"id1":"anushkasharma142.c","id2":"RUPALIGOYAL.c","similarities":{"MAX":0.9608938547486033,"AVG":0.86},"matches":[{"file1":"anushkasharma142.c/anushkasharma142.c","file2":"RUPALIGOYAL.c/RUPALIGOYAL.c","start1":34,"start1_col":9,"startToken1":23,"end1":184,"end1_col":1,"endToken1":178,"start2":81,"start2_col":9,"startToken2":65,"end2":234,"endToken2":1,"end2_col":220,"tokens":156},{"file1":"anushkasharma142.c/anushkasharma142.c","file2":"RUPALIGOYAL.c/RUPALIGOYAL.c","start1":12,"start1_col":1,"startToken1":0,"end1":30,"end1_col":10,"endToken1":15,"start2":12,"start2_col":1,"startToken2":0,"end2":30,"endToken2":12,"end2_col":15,"tokens":16}],"first_similarity":0.9608938547486033,"second_similarity":0.7782805429864253}