{"id1":"anushkasharma142.c","id2":"shreychechani.c","similarities":{"MAX":0.9553072625698324,"AVG":0.921832884097035},"matches":[{"file1":"anushkasharma142.c/anushkasharma142.c","file2":"shreychechani.c/shreychechani.c","start1":35,"start1_col":5,"startToken1":24,"end1":184,"end1_col":1,"endToken1":178,"start2":46,"start2_col":5,"startToken2":37,"end2":197,"endToken2":1,"end2_col":191,"tokens":155},{"file1":"anushkasharma142.c/anushkasharma142.c","file2":"shreychechani.c/shreychechani.c","start1":12,"start1_col":1,"startToken1":0,"end1":30,"end1_col":10,"endToken1":15,"start2":12,"start2_col":1,"startToken2":0,"end2":30,"endToken2":10,"end2_col":15,"tokens":16}],"first_similarity":0.9553072625698324,"second_similarity":0.890625}