{"id1":"anushkasharma142.c","id2":"suhaniagarwal151.c","similarities":{"MAX":0.9776536312849162,"AVG":0.9776536312849162},"matches":[{"file1":"anushkasharma142.c/anushkasharma142.c","file2":"suhaniagarwal151.c/suhaniagarwal151.c","start1":49,"start1_col":27,"startToken1":38,"end1":184,"end1_col":1,"endToken1":178,"start2":49,"start2_col":34,"startToken2":38,"end2":184,"endToken2":1,"end2_col":178,"tokens":141},{"file1":"anushkasharma142.c/anushkasharma142.c","file2":"suhaniagarwal151.c/suhaniagarwal151.c","start1":12,"start1_col":1,"startToken1":0,"end1":32,"end1_col":29,"endToken1":21,"start2":12,"start2_col":1,"startToken2":0,"end2":32,"endToken2":31,"end2_col":21,"tokens":22},{"file1":"anushkasharma142.c/anushkasharma142.c","file2":"suhaniagarwal151.c/suhaniagarwal151.c","start1":37,"start1_col":1,"startToken1":26,"end1":49,"end1_col":14,"endToken1":37,"start2":37,"start2_col":1,"startToken2":25,"end2":49,"endToken2":14,"end2_col":36,"tokens":12}],"first_similarity":0.9776536312849162,"second_similarity":0.9776536312849162}