{"id1":"ARYAMANBOHRA.c","id2":"RUPALIGOYAL.c","similarities":{"MAX":0.9057591623036649,"AVG":0.8398058252427184},"matches":[{"file1":"ARYAMANBOHRA.c/ARYAMANBOHRA.c","file2":"RUPALIGOYAL.c/RUPALIGOYAL.c","start1":45,"start1_col":5,"startToken1":36,"end1":195,"end1_col":1,"endToken1":190,"start2":82,"start2_col":5,"startToken2":66,"end2":234,"endToken2":1,"end2_col":220,"tokens":155},{"file1":"ARYAMANBOHRA.c/ARYAMANBOHRA.c","file2":"RUPALIGOYAL.c/RUPALIGOYAL.c","start1":12,"start1_col":1,"startToken1":0,"end1":30,"end1_col":11,"endToken1":17,"start2":12,"start2_col":1,"startToken2":0,"end2":32,"endToken2":9,"end2_col":17,"tokens":18}],"first_similarity":0.9057591623036649,"second_similarity":0.7828054298642534}