{"id1":"ARYAMANBOHRA.c","id2":"shreychechani.c","similarities":{"MAX":1.0,"AVG":0.9973890339425587},"matches":[{"file1":"ARYAMANBOHRA.c/ARYAMANBOHRA.c","file2":"shreychechani.c/shreychechani.c","start1":41,"start1_col":13,"startToken1":32,"end1":195,"end1_col":1,"endToken1":190,"start2":42,"start2_col":33,"startToken2":33,"end2":197,"endToken2":1,"end2_col":191,"tokens":159},{"file1":"ARYAMANBOHRA.c/ARYAMANBOHRA.c","file2":"shreychechani.c/shreychechani.c","start1":12,"start1_col":1,"startToken1":0,"end1":41,"end1_col":12,"endToken1":31,"start2":12,"start2_col":1,"startToken2":0,"end2":42,"endToken2":12,"end2_col":31,"tokens":32}],"first_similarity":1.0,"second_similarity":0.9947916666666666}