{"id1":"ARYAMANBOHRA.c","id2":"mananrathi21.c","similarities":{"MAX":0.8952879581151832,"AVG":0.890625},"matches":[{"file1":"ARYAMANBOHRA.c/ARYAMANBOHRA.c","file2":"mananrathi21.c/mananrathi21.c","start1":45,"start1_col":5,"startToken1":36,"end1":195,"end1_col":1,"endToken1":190,"start2":45,"start2_col":5,"startToken2":38,"end2":194,"endToken2":1,"end2_col":192,"tokens":155},{"file1":"ARYAMANBOHRA.c/ARYAMANBOHRA.c","file2":"mananrathi21.c/mananrathi21.c","start1":12,"start1_col":1,"startToken1":0,"end1":29,"end1_col":10,"endToken1":15,"start2":12,"start2_col":1,"startToken2":0,"end2":30,"endToken2":15,"end2_col":15,"tokens":16}],"first_similarity":0.8952879581151832,"second_similarity":0.8860103626943006}