{"id1":"astitwarajawat.c","id2":"kaushalaman1225.c","similarities":{"MAX":0.9550561797752809,"AVG":0.9550561797752809},"matches":[{"file1":"astitwarajawat.c/astitwarajawat.c","file2":"kaushalaman1225.c/kaushalaman1225.c","start1":33,"start1_col":9,"startToken1":22,"end1":183,"end1_col":1,"endToken1":177,"start2":32,"start2_col":9,"startToken2":22,"end2":183,"endToken2":1,"end2_col":177,"tokens":156},{"file1":"astitwarajawat.c/astitwarajawat.c","file2":"kaushalaman1225.c/kaushalaman1225.c","start1":12,"start1_col":1,"startToken1":0,"end1":28,"end1_col":55,"endToken1":13,"start2":12,"start2_col":1,"startToken2":0,"end2":28,"endToken2":55,"end2_col":13,"tokens":14}],"first_similarity":0.9550561797752809,"second_similarity":0.9550561797752809}