{"id1":"astitwarajawat.c","id2":"mohitttsh123.c","similarities":{"MAX":0.9775280898876404,"AVG":0.943089430894309},"matches":[{"file1":"astitwarajawat.c/astitwarajawat.c","file2":"mohitttsh123.c/mohitttsh123.c","start1":31,"start1_col":9,"startToken1":19,"end1":183,"end1_col":1,"endToken1":177,"start2":39,"start2_col":14,"startToken2":32,"end2":192,"endToken2":1,"end2_col":190,"tokens":159},{"file1":"astitwarajawat.c/astitwarajawat.c","file2":"mohitttsh123.c/mohitttsh123.c","start1":12,"start1_col":1,"startToken1":0,"end1":29,"end1_col":7,"endToken1":14,"start2":12,"start2_col":1,"startToken2":0,"end2":30,"endToken2":7,"end2_col":14,"tokens":15}],"first_similarity":0.9775280898876404,"second_similarity":0.9109947643979057}