{"id1":"astitwarajawat.c","id2":"ABHIDHEYSINGH.c","similarities":{"MAX":0.9606741573033708,"AVG":0.9344262295081968},"matches":[{"file1":"astitwarajawat.c/astitwarajawat.c","file2":"ABHIDHEYSINGH.c/ABHIDHEYSINGH.c","start1":33,"start1_col":9,"startToken1":22,"end1":183,"end1_col":1,"endToken1":177,"start2":41,"start2_col":9,"startToken2":32,"end2":190,"endToken2":1,"end2_col":187,"tokens":156},{"file1":"astitwarajawat.c/astitwarajawat.c","file2":"ABHIDHEYSINGH.c/ABHIDHEYSINGH.c","start1":12,"start1_col":1,"startToken1":0,"end1":29,"end1_col":7,"endToken1":14,"start2":12,"start2_col":1,"startToken2":0,"end2":30,"endToken2":7,"end2_col":14,"tokens":15}],"first_similarity":0.9606741573033708,"second_similarity":0.9095744680851063}