{"id1":"astitwarajawat.c","id2":"prathambansal111.c","similarities":{"MAX":0.9719101123595506,"AVG":0.9427792915531336},"matches":[{"file1":"astitwarajawat.c/astitwarajawat.c","file2":"prathambansal111.c/prathambansal111.c","start1":31,"start1_col":29,"startToken1":20,"end1":183,"end1_col":1,"endToken1":177,"start2":39,"start2_col":13,"startToken2":31,"end2":191,"endToken2":1,"end2_col":188,"tokens":158},{"file1":"astitwarajawat.c/astitwarajawat.c","file2":"prathambansal111.c/prathambansal111.c","start1":12,"start1_col":1,"startToken1":0,"end1":29,"end1_col":7,"endToken1":14,"start2":12,"start2_col":1,"startToken2":0,"end2":30,"endToken2":7,"end2_col":14,"tokens":15}],"first_similarity":0.9719101123595506,"second_similarity":0.9153439153439153}