{"id1":"astitwarajawat.c","id2":"tusharparihar041.c","similarities":{"MAX":0.9550561797752809,"AVG":0.9315068493150684},"matches":[{"file1":"astitwarajawat.c/astitwarajawat.c","file2":"tusharparihar041.c/tusharparihar041.c","start1":34,"start1_col":5,"startToken1":23,"end1":183,"end1_col":1,"endToken1":177,"start2":40,"start2_col":5,"startToken2":32,"end2":187,"endToken2":1,"end2_col":186,"tokens":155},{"file1":"astitwarajawat.c/astitwarajawat.c","file2":"tusharparihar041.c/tusharparihar041.c","start1":12,"start1_col":1,"startToken1":0,"end1":29,"end1_col":7,"endToken1":14,"start2":12,"start2_col":1,"startToken2":0,"end2":30,"endToken2":7,"end2_col":14,"tokens":15}],"first_similarity":0.9550561797752809,"second_similarity":0.9090909090909091}