{"id1":"astitwarajawat.c","id2":"ekanshsaraswat11.c","similarities":{"MAX":0.9550561797752809,"AVG":0.947075208913649},"matches":[{"file1":"astitwarajawat.c/astitwarajawat.c","file2":"ekanshsaraswat11.c/ekanshsaraswat11.c","start1":34,"start1_col":5,"startToken1":23,"end1":183,"end1_col":1,"endToken1":177,"start2":35,"start2_col":5,"startToken2":26,"end2":185,"endToken2":1,"end2_col":180,"tokens":155},{"file1":"astitwarajawat.c/astitwarajawat.c","file2":"ekanshsaraswat11.c/ekanshsaraswat11.c","start1":12,"start1_col":1,"startToken1":0,"end1":29,"end1_col":7,"endToken1":14,"start2":12,"start2_col":1,"startToken2":0,"end2":29,"endToken2":7,"end2_col":14,"tokens":15}],"first_similarity":0.9550561797752809,"second_similarity":0.9392265193370166}