{"id1":"AYUSHSHARMA2023.c","id2":"yogeshmahawar781.c","similarities":{"MAX":1.0,"AVG":0.9709302325581395},"matches":[{"file1":"AYUSHSHARMA2023.c/AYUSHSHARMA2023.c","file2":"yogeshmahawar781.c/yogeshmahawar781.c","start1":31,"start1_col":1,"startToken1":14,"end1":178,"end1_col":1,"endToken1":166,"start2":40,"start2_col":1,"startToken2":24,"end2":187,"endToken2":1,"end2_col":176,"tokens":153},{"file1":"AYUSHSHARMA2023.c/AYUSHSHARMA2023.c","file2":"yogeshmahawar781.c/yogeshmahawar781.c","start1":12,"start1_col":1,"startToken1":0,"end1":28,"end1_col":55,"endToken1":13,"start2":12,"start2_col":1,"startToken2":0,"end2":28,"endToken2":55,"end2_col":13,"tokens":14}],"first_similarity":1.0,"second_similarity":0.943502824858757}