{"id1":"ekanshsaraswat11.c","id2":"tusharparihar041.c","similarities":{"MAX":0.9502762430939227,"AVG":0.9347826086956522},"matches":[{"file1":"ekanshsaraswat11.c/ekanshsaraswat11.c","file2":"tusharparihar041.c/tusharparihar041.c","start1":34,"start1_col":20,"startToken1":25,"end1":185,"end1_col":1,"endToken1":180,"start2":39,"start2_col":12,"startToken2":31,"end2":187,"endToken2":1,"end2_col":186,"tokens":156},{"file1":"ekanshsaraswat11.c/ekanshsaraswat11.c","file2":"tusharparihar041.c/tusharparihar041.c","start1":12,"start1_col":1,"startToken1":0,"end1":29,"end1_col":14,"endToken1":15,"start2":12,"start2_col":1,"startToken2":0,"end2":30,"endToken2":10,"end2_col":15,"tokens":16}],"first_similarity":0.9502762430939227,"second_similarity":0.9197860962566845}