{"id1":"ekanshsaraswat11.c","id2":"prathambansal111.c","similarities":{"MAX":0.9613259668508287,"AVG":0.9405405405405406},"matches":[{"file1":"ekanshsaraswat11.c/ekanshsaraswat11.c","file2":"prathambansal111.c/prathambansal111.c","start1":35,"start1_col":5,"startToken1":26,"end1":185,"end1_col":1,"endToken1":180,"start2":42,"start2_col":5,"startToken2":34,"end2":191,"endToken2":1,"end2_col":188,"tokens":155},{"file1":"ekanshsaraswat11.c/ekanshsaraswat11.c","file2":"prathambansal111.c/prathambansal111.c","start1":12,"start1_col":1,"startToken1":0,"end1":30,"end1_col":27,"endToken1":18,"start2":12,"start2_col":1,"startToken2":0,"end2":31,"endToken2":16,"end2_col":18,"tokens":19}],"first_similarity":0.9613259668508287,"second_similarity":0.9206349206349206}