{"id1":"ekanshsaraswat11.c","id2":"nairsuraj2111.c","similarities":{"MAX":0.9447513812154696,"AVG":0.9447513812154696},"matches":[{"file1":"ekanshsaraswat11.c/ekanshsaraswat11.c","file2":"nairsuraj2111.c/nairsuraj2111.c","start1":35,"start1_col":5,"startToken1":26,"end1":185,"end1_col":1,"endToken1":180,"start2":36,"start2_col":5,"startToken2":26,"end2":185,"endToken2":1,"end2_col":180,"tokens":155},{"file1":"ekanshsaraswat11.c/ekanshsaraswat11.c","file2":"nairsuraj2111.c/nairsuraj2111.c","start1":12,"start1_col":1,"startToken1":0,"end1":29,"end1_col":14,"endToken1":15,"start2":12,"start2_col":1,"startToken2":0,"end2":29,"endToken2":10,"end2_col":15,"tokens":16}],"first_similarity":0.9447513812154696,"second_similarity":0.9447513812154696}