{"id1":"gursnehkaur1.c","id2":"RUPALIGOYAL.c","similarities":{"MAX":0.9842931937172775,"AVG":0.912621359223301},"matches":[{"file1":"gursnehkaur1.c/gursnehkaur1.c","file2":"RUPALIGOYAL.c/RUPALIGOYAL.c","start1":42,"start1_col":9,"startToken1":35,"end1":192,"end1_col":1,"endToken1":190,"start2":81,"start2_col":9,"startToken2":65,"end2":234,"endToken2":1,"end2_col":220,"tokens":156},{"file1":"gursnehkaur1.c/gursnehkaur1.c","file2":"RUPALIGOYAL.c/RUPALIGOYAL.c","start1":12,"start1_col":1,"startToken1":0,"end1":31,"end1_col":13,"endToken1":17,"start2":12,"start2_col":1,"startToken2":0,"end2":32,"endToken2":9,"end2_col":17,"tokens":18},{"file1":"gursnehkaur1.c/gursnehkaur1.c","file2":"RUPALIGOYAL.c/RUPALIGOYAL.c","start1":33,"start1_col":17,"startToken1":21,"end1":41,"end1_col":19,"endToken1":34,"start2":44,"start2_col":12,"startToken2":29,"end2":55,"endToken2":17,"end2_col":42,"tokens":14}],"first_similarity":0.9842931937172775,"second_similarity":0.8506787330316742}