{"id1":"gursnehkaur1.c","id2":"shreychechani.c","similarities":{"MAX":0.9790575916230366,"AVG":0.9765013054830287},"matches":[{"file1":"gursnehkaur1.c/gursnehkaur1.c","file2":"shreychechani.c/shreychechani.c","start1":43,"start1_col":5,"startToken1":36,"end1":192,"end1_col":1,"endToken1":190,"start2":46,"start2_col":5,"startToken2":37,"end2":197,"endToken2":1,"end2_col":191,"tokens":155},{"file1":"gursnehkaur1.c/gursnehkaur1.c","file2":"shreychechani.c/shreychechani.c","start1":12,"start1_col":1,"startToken1":0,"end1":31,"end1_col":13,"endToken1":17,"start2":12,"start2_col":1,"startToken2":0,"end2":31,"endToken2":10,"end2_col":17,"tokens":18},{"file1":"gursnehkaur1.c/gursnehkaur1.c","file2":"shreychechani.c/shreychechani.c","start1":34,"start1_col":9,"startToken1":22,"end1":42,"end1_col":9,"endToken1":35,"start2":34,"start2_col":9,"startToken2":22,"end2":44,"endToken2":9,"end2_col":35,"tokens":14}],"first_similarity":0.9790575916230366,"second_similarity":0.9739583333333334}