{"id1":"kaushalaman1225.c","id2":"RUPALIGOYAL.c","similarities":{"MAX":0.9606741573033708,"AVG":0.8571428571428571},"matches":[{"file1":"kaushalaman1225.c/kaushalaman1225.c","file2":"RUPALIGOYAL.c/RUPALIGOYAL.c","start1":31,"start1_col":13,"startToken1":21,"end1":183,"end1_col":1,"endToken1":177,"start2":79,"start2_col":13,"startToken2":64,"end2":234,"endToken2":1,"end2_col":220,"tokens":157},{"file1":"kaushalaman1225.c/kaushalaman1225.c","file2":"RUPALIGOYAL.c/RUPALIGOYAL.c","start1":12,"start1_col":1,"startToken1":0,"end1":28,"end1_col":55,"endToken1":13,"start2":12,"start2_col":1,"startToken2":0,"end2":28,"endToken2":55,"end2_col":13,"tokens":14}],"first_similarity":0.9606741573033708,"second_similarity":0.7737556561085973}