{"id1":"kaushalaman1225.c","id2":"tusharparihar041.c","similarities":{"MAX":0.949438202247191,"AVG":0.9260273972602739},"matches":[{"file1":"kaushalaman1225.c/kaushalaman1225.c","file2":"tusharparihar041.c/tusharparihar041.c","start1":33,"start1_col":5,"startToken1":23,"end1":183,"end1_col":1,"endToken1":177,"start2":40,"start2_col":5,"startToken2":32,"end2":187,"endToken2":1,"end2_col":186,"tokens":155},{"file1":"kaushalaman1225.c/kaushalaman1225.c","file2":"tusharparihar041.c/tusharparihar041.c","start1":12,"start1_col":1,"startToken1":0,"end1":28,"end1_col":55,"endToken1":13,"start2":12,"start2_col":1,"startToken2":0,"end2":28,"endToken2":55,"end2_col":13,"tokens":14}],"first_similarity":0.949438202247191,"second_similarity":0.9037433155080213}