{"id1":"kaushalaman1225.c","id2":"prathambansal111.c","similarities":{"MAX":0.9550561797752809,"AVG":0.9264305177111717},"matches":[{"file1":"kaushalaman1225.c/kaushalaman1225.c","file2":"prathambansal111.c/prathambansal111.c","start1":32,"start1_col":9,"startToken1":22,"end1":183,"end1_col":1,"endToken1":177,"start2":41,"start2_col":9,"startToken2":33,"end2":191,"endToken2":1,"end2_col":188,"tokens":156},{"file1":"kaushalaman1225.c/kaushalaman1225.c","file2":"prathambansal111.c/prathambansal111.c","start1":12,"start1_col":1,"startToken1":0,"end1":28,"end1_col":55,"endToken1":13,"start2":12,"start2_col":1,"startToken2":0,"end2":28,"endToken2":55,"end2_col":13,"tokens":14}],"first_similarity":0.9550561797752809,"second_similarity":0.8994708994708994}