{"id1":"kaushalaman1225.c","id2":"mananrathi21.c","similarities":{"MAX":0.9719101123595506,"AVG":0.9326145552560647},"matches":[{"file1":"kaushalaman1225.c/kaushalaman1225.c","file2":"mananrathi21.c/mananrathi21.c","start1":30,"start1_col":9,"startToken1":19,"end1":183,"end1_col":1,"endToken1":177,"start2":42,"start2_col":14,"startToken2":34,"end2":194,"endToken2":1,"end2_col":192,"tokens":159},{"file1":"kaushalaman1225.c/kaushalaman1225.c","file2":"mananrathi21.c/mananrathi21.c","start1":12,"start1_col":1,"startToken1":0,"end1":28,"end1_col":55,"endToken1":13,"start2":12,"start2_col":1,"startToken2":0,"end2":28,"endToken2":55,"end2_col":13,"tokens":14}],"first_similarity":0.9719101123595506,"second_similarity":0.8963730569948186}