{"id1":"kaushalaman1225.c","id2":"nairsuraj2111.c","similarities":{"MAX":0.9550561797752809,"AVG":0.947075208913649},"matches":[{"file1":"kaushalaman1225.c/kaushalaman1225.c","file2":"nairsuraj2111.c/nairsuraj2111.c","start1":32,"start1_col":9,"startToken1":22,"end1":183,"end1_col":1,"endToken1":177,"start2":35,"start2_col":9,"startToken2":25,"end2":185,"endToken2":1,"end2_col":180,"tokens":156},{"file1":"kaushalaman1225.c/kaushalaman1225.c","file2":"nairsuraj2111.c/nairsuraj2111.c","start1":12,"start1_col":1,"startToken1":0,"end1":28,"end1_col":55,"endToken1":13,"start2":12,"start2_col":1,"startToken2":0,"end2":28,"endToken2":55,"end2_col":13,"tokens":14}],"first_similarity":0.9550561797752809,"second_similarity":0.9392265193370166}