{"id1":"kaushalaman1225.c","id2":"riddhikhandelwal.c","similarities":{"MAX":0.9550561797752809,"AVG":0.9315068493150684},"matches":[{"file1":"kaushalaman1225.c/kaushalaman1225.c","file2":"riddhikhandelwal.c/riddhikhandelwal.c","start1":32,"start1_col":9,"startToken1":22,"end1":183,"end1_col":1,"endToken1":177,"start2":38,"start2_col":9,"startToken2":31,"end2":188,"endToken2":1,"end2_col":186,"tokens":156},{"file1":"kaushalaman1225.c/kaushalaman1225.c","file2":"riddhikhandelwal.c/riddhikhandelwal.c","start1":12,"start1_col":1,"startToken1":0,"end1":28,"end1_col":55,"endToken1":13,"start2":12,"start2_col":1,"startToken2":0,"end2":28,"endToken2":54,"end2_col":13,"tokens":14}],"first_similarity":0.9550561797752809,"second_similarity":0.9090909090909091}