{"id1":"kaushalaman1225.c","id2":"suhaniagarwal151.c","similarities":{"MAX":0.9382022471910112,"AVG":0.9355742296918768},"matches":[{"file1":"kaushalaman1225.c/kaushalaman1225.c","file2":"suhaniagarwal151.c/suhaniagarwal151.c","start1":48,"start1_col":27,"startToken1":37,"end1":183,"end1_col":1,"endToken1":177,"start2":49,"start2_col":34,"startToken2":38,"end2":184,"endToken2":1,"end2_col":178,"tokens":141},{"file1":"kaushalaman1225.c/kaushalaman1225.c","file2":"suhaniagarwal151.c/suhaniagarwal151.c","start1":12,"start1_col":1,"startToken1":0,"end1":28,"end1_col":55,"endToken1":13,"start2":12,"start2_col":1,"startToken2":0,"end2":28,"endToken2":55,"end2_col":13,"tokens":14},{"file1":"kaushalaman1225.c/kaushalaman1225.c","file2":"suhaniagarwal151.c/suhaniagarwal151.c","start1":36,"start1_col":1,"startToken1":25,"end1":48,"end1_col":14,"endToken1":36,"start2":37,"start2_col":1,"startToken2":25,"end2":49,"endToken2":14,"end2_col":36,"tokens":12}],"first_similarity":0.9382022471910112,"second_similarity":0.9329608938547486}