{"id1":"mananrathi21.c","id2":"sharma2005bobby.c","similarities":{"MAX":0.927461139896373,"AVG":0.9132653061224489},"matches":[{"file1":"mananrathi21.c/mananrathi21.c","file2":"sharma2005bobby.c/sharma2005bobby.c","start1":46,"start1_col":5,"startToken1":39,"end1":194,"end1_col":1,"endToken1":192,"start2":49,"start2_col":5,"startToken2":45,"end2":198,"endToken2":1,"end2_col":198,"tokens":154},{"file1":"mananrathi21.c/mananrathi21.c","file2":"sharma2005bobby.c/sharma2005bobby.c","start1":12,"start1_col":1,"startToken1":0,"end1":28,"end1_col":45,"endToken1":12,"start2":12,"start2_col":1,"startToken2":0,"end2":28,"endToken2":42,"end2_col":12,"tokens":13},{"file1":"mananrathi21.c/mananrathi21.c","file2":"sharma2005bobby.c/sharma2005bobby.c","start1":34,"start1_col":9,"startToken1":22,"end1":42,"end1_col":12,"endToken1":33,"start2":32,"start2_col":9,"startToken2":21,"end2":40,"endToken2":12,"end2_col":32,"tokens":12}],"first_similarity":0.927461139896373,"second_similarity":0.8994974874371859}