{"id1":"mananrathi21.c","id2":"RUPALIGOYAL.c","similarities":{"MAX":0.8963730569948186,"AVG":0.8357487922705314},"matches":[{"file1":"mananrathi21.c/mananrathi21.c","file2":"RUPALIGOYAL.c/RUPALIGOYAL.c","start1":43,"start1_col":13,"startToken1":36,"end1":194,"end1_col":1,"endToken1":192,"start2":79,"start2_col":13,"startToken2":64,"end2":234,"endToken2":1,"end2_col":220,"tokens":157},{"file1":"mananrathi21.c/mananrathi21.c","file2":"RUPALIGOYAL.c/RUPALIGOYAL.c","start1":12,"start1_col":1,"startToken1":0,"end1":30,"end1_col":15,"endToken1":15,"start2":12,"start2_col":1,"startToken2":0,"end2":30,"endToken2":12,"end2_col":15,"tokens":16}],"first_similarity":0.8963730569948186,"second_similarity":0.7828054298642534}