{"id1":"mohitttsh123.c","id2":"mananrathi21.c","similarities":{"MAX":0.900523560209424,"AVG":0.8958333333333334},"matches":[{"file1":"mohitttsh123.c/mohitttsh123.c","file2":"mananrathi21.c/mananrathi21.c","start1":41,"start1_col":9,"startToken1":35,"end1":192,"end1_col":1,"endToken1":190,"start2":44,"start2_col":9,"startToken2":37,"end2":194,"endToken2":1,"end2_col":192,"tokens":156},{"file1":"mohitttsh123.c/mohitttsh123.c","file2":"mananrathi21.c/mananrathi21.c","start1":12,"start1_col":1,"startToken1":0,"end1":30,"end1_col":10,"endToken1":15,"start2":12,"start2_col":1,"startToken2":0,"end2":30,"endToken2":15,"end2_col":15,"tokens":16}],"first_similarity":0.900523560209424,"second_similarity":0.8911917098445595}