{"id1":"nairsuraj2111.c","id2":"RUPALIGOYAL.c","similarities":{"MAX":0.9558011049723757,"AVG":0.8606965174129353},"matches":[{"file1":"nairsuraj2111.c/nairsuraj2111.c","file2":"RUPALIGOYAL.c/RUPALIGOYAL.c","start1":35,"start1_col":9,"startToken1":25,"end1":185,"end1_col":1,"endToken1":180,"start2":81,"start2_col":9,"startToken2":65,"end2":234,"endToken2":1,"end2_col":220,"tokens":156},{"file1":"nairsuraj2111.c/nairsuraj2111.c","file2":"RUPALIGOYAL.c/RUPALIGOYAL.c","start1":12,"start1_col":1,"startToken1":0,"end1":30,"end1_col":7,"endToken1":16,"start2":12,"start2_col":1,"startToken2":0,"end2":31,"endToken2":7,"end2_col":16,"tokens":17}],"first_similarity":0.9558011049723757,"second_similarity":0.7828054298642534}