{"id1":"nairsuraj2111.c","id2":"riddhikhandelwal.c","similarities":{"MAX":0.9723756906077348,"AVG":0.9565217391304348},"matches":[{"file1":"nairsuraj2111.c/nairsuraj2111.c","file2":"riddhikhandelwal.c/riddhikhandelwal.c","start1":32,"start1_col":9,"startToken1":21,"end1":185,"end1_col":1,"endToken1":180,"start2":35,"start2_col":14,"startToken2":27,"end2":188,"endToken2":1,"end2_col":186,"tokens":160},{"file1":"nairsuraj2111.c/nairsuraj2111.c","file2":"riddhikhandelwal.c/riddhikhandelwal.c","start1":12,"start1_col":1,"startToken1":0,"end1":29,"end1_col":10,"endToken1":15,"start2":12,"start2_col":1,"startToken2":0,"end2":29,"endToken2":14,"end2_col":15,"tokens":16}],"first_similarity":0.9723756906077348,"second_similarity":0.9411764705882353}