{"id1":"nairsuraj2111.c","id2":"Mayank_06.c","similarities":{"MAX":0.9558011049723757,"AVG":0.9301075268817204},"matches":[{"file1":"nairsuraj2111.c/nairsuraj2111.c","file2":"Mayank_06.c/Mayank_06.c","start1":35,"start1_col":9,"startToken1":25,"end1":185,"end1_col":1,"endToken1":180,"start2":42,"start2_col":9,"startToken2":35,"end2":192,"endToken2":1,"end2_col":190,"tokens":156},{"file1":"nairsuraj2111.c/nairsuraj2111.c","file2":"Mayank_06.c/Mayank_06.c","start1":12,"start1_col":1,"startToken1":0,"end1":30,"end1_col":7,"endToken1":16,"start2":12,"start2_col":1,"startToken2":0,"end2":31,"endToken2":7,"end2_col":16,"tokens":17}],"first_similarity":0.9558011049723757,"second_similarity":0.9057591623036649}