{"id1":"nairsuraj2111.c","id2":"tusharparihar041.c","similarities":{"MAX":0.9502762430939227,"AVG":0.9347826086956522},"matches":[{"file1":"nairsuraj2111.c/nairsuraj2111.c","file2":"tusharparihar041.c/tusharparihar041.c","start1":36,"start1_col":5,"startToken1":26,"end1":185,"end1_col":1,"endToken1":180,"start2":40,"start2_col":5,"startToken2":32,"end2":187,"endToken2":1,"end2_col":186,"tokens":155},{"file1":"nairsuraj2111.c/nairsuraj2111.c","file2":"tusharparihar041.c/tusharparihar041.c","start1":12,"start1_col":1,"startToken1":0,"end1":30,"end1_col":7,"endToken1":16,"start2":12,"start2_col":1,"startToken2":0,"end2":31,"endToken2":7,"end2_col":16,"tokens":17}],"first_similarity":0.9502762430939227,"second_similarity":0.9197860962566845}