{"jplag_version":{"major":5,"minor":1,"patch":0},"submission_folder_path":["/var/www/html/ravindra/program"],"base_code_folder_path":"","language":"C Scanner","file_extensions":[".cpp",".CPP",".cxx",".CXX",".c++",".C++",".c",".C",".cc",".CC",".h",".H",".hpp",".HPP",".hh",".HH"],"submission_id_to_display_name":{"nairsuraj2111.c":"nairsuraj2111.c","RUPALIGOYAL.c":"RUPALIGOYAL.c","mananrathi21.c":"mananrathi21.c","ARYAMANBOHRA.c":"ARYAMANBOHRA.c","anmolsahu2.c":"anmolsahu2.c","yogeshmahawar781.c":"yogeshmahawar781.c","ekanshsaraswat11.c":"ekanshsaraswat11.c","rahul9coc.c":"rahul9coc.c","AYUSHSHARMA2023.c":"AYUSHSHARMA2023.c","kaushalaman1225.c":"kaushalaman1225.c","sharma2005bobby.c":"sharma2005bobby.c","riddhikhandelwal.c":"riddhikhandelwal.c","tusharparihar041.c":"tusharparihar041.c","prathambansal111.c":"prathambansal111.c","gursnehkaur1.c":"gursnehkaur1.c","shreychechani.c":"shreychechani.c","mohitttsh123.c":"mohitttsh123.c","astitwarajawat.c":"astitwarajawat.c","suhaniagarwal151.c":"suhaniagarwal151.c","tanveerkanderiy1.c":"tanveerkanderiy1.c","Mayank_06.c":"Mayank_06.c","anushkasharma142.c":"anushkasharma142.c","ABHIDHEYSINGH.c":"ABHIDHEYSINGH.c"},"submission_ids_to_comparison_file_name":{"nairsuraj2111.c":{"mananrathi21.c":"nairsuraj2111.c-mananrathi21.c.json","RUPALIGOYAL.c":"nairsuraj2111.c-RUPALIGOYAL.c.json","ARYAMANBOHRA.c":"nairsuraj2111.c-ARYAMANBOHRA.c.json","anmolsahu2.c":"anmolsahu2.c-nairsuraj2111.c.json","yogeshmahawar781.c":"yogeshmahawar781.c-nairsuraj2111.c.json","ekanshsaraswat11.c":"ekanshsaraswat11.c-nairsuraj2111.c.json","rahul9coc.c":"rahul9coc.c-nairsuraj2111.c.json","AYUSHSHARMA2023.c":"AYUSHSHARMA2023.c-nairsuraj2111.c.json","kaushalaman1225.c":"kaushalaman1225.c-nairsuraj2111.c.json","sharma2005bobby.c":"nairsuraj2111.c-sharma2005bobby.c.json","riddhikhandelwal.c":"nairsuraj2111.c-riddhikhandelwal.c.json","tusharparihar041.c":"nairsuraj2111.c-tusharparihar041.c.json","prathambansal111.c":"nairsuraj2111.c-prathambansal111.c.json","gursnehkaur1.c":"nairsuraj2111.c-gursnehkaur1.c.json","shreychechani.c":"nairsuraj2111.c-shreychechani.c.json","mohitttsh123.c":"nairsuraj2111.c-mohitttsh123.c.json","astitwarajawat.c":"astitwarajawat.c-nairsuraj2111.c.json","suhaniagarwal151.c":"suhaniagarwal151.c-nairsuraj2111.c.json","tanveerkanderiy1.c":"tanveerkanderiy1.c-nairsuraj2111.c.json","Mayank_06.c":"nairsuraj2111.c-Mayank_06.c.json","anushkasharma142.c":"anushkasharma142.c-nairsuraj2111.c.json","ABHIDHEYSINGH.c":"nairsuraj2111.c-ABHIDHEYSINGH.c.json"},"mananrathi21.c":{"nairsuraj2111.c":"nairsuraj2111.c-mananrathi21.c.json","RUPALIGOYAL.c":"mananrathi21.c-RUPALIGOYAL.c.json","ARYAMANBOHRA.c":"ARYAMANBOHRA.c-mananrathi21.c.json","anmolsahu2.c":"anmolsahu2.c-mananrathi21.c.json","yogeshmahawar781.c":"yogeshmahawar781.c-mananrathi21.c.json","ekanshsaraswat11.c":"ekanshsaraswat11.c-mananrathi21.c.json","AYUSHSHARMA2023.c":"AYUSHSHARMA2023.c-mananrathi21.c.json","rahul9coc.c":"rahul9coc.c-mananrathi21.c.json","kaushalaman1225.c":"kaushalaman1225.c-mananrathi21.c.json","sharma2005bobby.c":"mananrathi21.c-sharma2005bobby.c.json","riddhikhandelwal.c":"riddhikhandelwal.c-mananrathi21.c.json","tusharparihar041.c":"tusharparihar041.c-mananrathi21.c.json","prathambansal111.c":"prathambansal111.c-mananrathi21.c.json","gursnehkaur1.c":"gursnehkaur1.c-mananrathi21.c.json","shreychechani.c":"shreychechani.c-mananrathi21.c.json","mohitttsh123.c":"mohitttsh123.c-mananrathi21.c.json","astitwarajawat.c":"astitwarajawat.c-mananrathi21.c.json","suhaniagarwal151.c":"suhaniagarwal151.c-mananrathi21.c.json","tanveerkanderiy1.c":"tanveerkanderiy1.c-mananrathi21.c.json","Mayank_06.c":"Mayank_06.c-mananrathi21.c.json","anushkasharma142.c":"anushkasharma142.c-mananrathi21.c.json","ABHIDHEYSINGH.c":"ABHIDHEYSINGH.c-mananrathi21.c.json"},"RUPALIGOYAL.c":{"nairsuraj2111.c":"nairsuraj2111.c-RUPALIGOYAL.c.json","mananrathi21.c":"mananrathi21.c-RUPALIGOYAL.c.json","ARYAMANBOHRA.c":"ARYAMANBOHRA.c-RUPALIGOYAL.c.json","anmolsahu2.c":"anmolsahu2.c-RUPALIGOYAL.c.json","yogeshmahawar781.c":"yogeshmahawar781.c-RUPALIGOYAL.c.json","ekanshsaraswat11.c":"ekanshsaraswat11.c-RUPALIGOYAL.c.json","AYUSHSHARMA2023.c":"AYUSHSHARMA2023.c-RUPALIGOYAL.c.json","rahul9coc.c":"rahul9coc.c-RUPALIGOYAL.c.json","kaushalaman1225.c":"kaushalaman1225.c-RUPALIGOYAL.c.json","sharma2005bobby.c":"sharma2005bobby.c-RUPALIGOYAL.c.json","riddhikhandelwal.c":"riddhikhandelwal.c-RUPALIGOYAL.c.json","tusharparihar041.c":"tusharparihar041.c-RUPALIGOYAL.c.json","prathambansal111.c":"prathambansal111.c-RUPALIGOYAL.c.json","gursnehkaur1.c":"gursnehkaur1.c-RUPALIGOYAL.c.json","shreychechani.c":"shreychechani.c-RUPALIGOYAL.c.json","mohitttsh123.c":"mohitttsh123.c-RUPALIGOYAL.c.json","astitwarajawat.c":"astitwarajawat.c-RUPALIGOYAL.c.json","suhaniagarwal151.c":"suhaniagarwal151.c-RUPALIGOYAL.c.json","tanveerkanderiy1.c":"tanveerkanderiy1.c-RUPALIGOYAL.c.json","Mayank_06.c":"Mayank_06.c-RUPALIGOYAL.c.json","anushkasharma142.c":"anushkasharma142.c-RUPALIGOYAL.c.json","ABHIDHEYSINGH.c":"ABHIDHEYSINGH.c-RUPALIGOYAL.c.json"},"ARYAMANBOHRA.c":{"nairsuraj2111.c":"nairsuraj2111.c-ARYAMANBOHRA.c.json","mananrathi21.c":"ARYAMANBOHRA.c-mananrathi21.c.json","RUPALIGOYAL.c":"ARYAMANBOHRA.c-RUPALIGOYAL.c.json","anmolsahu2.c":"anmolsahu2.c-ARYAMANBOHRA.c.json","yogeshmahawar781.c":"yogeshmahawar781.c-ARYAMANBOHRA.c.json","ekanshsaraswat11.c":"ekanshsaraswat11.c-ARYAMANBOHRA.c.json","AYUSHSHARMA2023.c":"AYUSHSHARMA2023.c-ARYAMANBOHRA.c.json","rahul9coc.c":"rahul9coc.c-ARYAMANBOHRA.c.json","kaushalaman1225.c":"kaushalaman1225.c-ARYAMANBOHRA.c.json","sharma2005bobby.c":"ARYAMANBOHRA.c-sharma2005bobby.c.json","riddhikhandelwal.c":"riddhikhandelwal.c-ARYAMANBOHRA.c.json","tusharparihar041.c":"tusharparihar041.c-ARYAMANBOHRA.c.json","prathambansal111.c":"prathambansal111.c-ARYAMANBOHRA.c.json","shreychechani.c":"ARYAMANBOHRA.c-shreychechani.c.json","gursnehkaur1.c":"ARYAMANBOHRA.c-gursnehkaur1.c.json","mohitttsh123.c":"ARYAMANBOHRA.c-mohitttsh123.c.json","astitwarajawat.c":"astitwarajawat.c-ARYAMANBOHRA.c.json","suhaniagarwal151.c":"suhaniagarwal151.c-ARYAMANBOHRA.c.json","tanveerkanderiy1.c":"tanveerkanderiy1.c-ARYAMANBOHRA.c.json","Mayank_06.c":"ARYAMANBOHRA.c-Mayank_06.c.json","anushkasharma142.c":"anushkasharma142.c-ARYAMANBOHRA.c.json","ABHIDHEYSINGH.c":"ABHIDHEYSINGH.c-ARYAMANBOHRA.c.json"},"anmolsahu2.c":{"nairsuraj2111.c":"anmolsahu2.c-nairsuraj2111.c.json","mananrathi21.c":"anmolsahu2.c-mananrathi21.c.json","RUPALIGOYAL.c":"anmolsahu2.c-RUPALIGOYAL.c.json","ARYAMANBOHRA.c":"anmolsahu2.c-ARYAMANBOHRA.c.json","yogeshmahawar781.c":"anmolsahu2.c-yogeshmahawar781.c.json","ekanshsaraswat11.c":"anmolsahu2.c-ekanshsaraswat11.c.json","AYUSHSHARMA2023.c":"AYUSHSHARMA2023.c-anmolsahu2.c.json","rahul9coc.c":"anmolsahu2.c-rahul9coc.c.json","kaushalaman1225.c":"anmolsahu2.c-kaushalaman1225.c.json","sharma2005bobby.c":"anmolsahu2.c-sharma2005bobby.c.json","riddhikhandelwal.c":"anmolsahu2.c-riddhikhandelwal.c.json","tusharparihar041.c":"anmolsahu2.c-tusharparihar041.c.json","prathambansal111.c":"anmolsahu2.c-prathambansal111.c.json","gursnehkaur1.c":"anmolsahu2.c-gursnehkaur1.c.json","shreychechani.c":"anmolsahu2.c-shreychechani.c.json","mohitttsh123.c":"anmolsahu2.c-mohitttsh123.c.json","astitwarajawat.c":"anmolsahu2.c-astitwarajawat.c.json","suhaniagarwal151.c":"anmolsahu2.c-suhaniagarwal151.c.json","tanveerkanderiy1.c":"anmolsahu2.c-tanveerkanderiy1.c.json","Mayank_06.c":"anmolsahu2.c-Mayank_06.c.json","anushkasharma142.c":"anmolsahu2.c-anushkasharma142.c.json","ABHIDHEYSINGH.c":"anmolsahu2.c-ABHIDHEYSINGH.c.json"},"yogeshmahawar781.c":{"nairsuraj2111.c":"yogeshmahawar781.c-nairsuraj2111.c.json","mananrathi21.c":"yogeshmahawar781.c-mananrathi21.c.json","RUPALIGOYAL.c":"yogeshmahawar781.c-RUPALIGOYAL.c.json","ARYAMANBOHRA.c":"yogeshmahawar781.c-ARYAMANBOHRA.c.json","anmolsahu2.c":"anmolsahu2.c-yogeshmahawar781.c.json","ekanshsaraswat11.c":"yogeshmahawar781.c-ekanshsaraswat11.c.json","AYUSHSHARMA2023.c":"AYUSHSHARMA2023.c-yogeshmahawar781.c.json","rahul9coc.c":"rahul9coc.c-yogeshmahawar781.c.json","kaushalaman1225.c":"yogeshmahawar781.c-kaushalaman1225.c.json","sharma2005bobby.c":"yogeshmahawar781.c-sharma2005bobby.c.json","riddhikhandelwal.c":"yogeshmahawar781.c-riddhikhandelwal.c.json","tusharparihar041.c":"yogeshmahawar781.c-tusharparihar041.c.json","prathambansal111.c":"yogeshmahawar781.c-prathambansal111.c.json","gursnehkaur1.c":"yogeshmahawar781.c-gursnehkaur1.c.json","shreychechani.c":"yogeshmahawar781.c-shreychechani.c.json","mohitttsh123.c":"yogeshmahawar781.c-mohitttsh123.c.json","astitwarajawat.c":"yogeshmahawar781.c-astitwarajawat.c.json","suhaniagarwal151.c":"yogeshmahawar781.c-suhaniagarwal151.c.json","tanveerkanderiy1.c":"tanveerkanderiy1.c-yogeshmahawar781.c.json","Mayank_06.c":"yogeshmahawar781.c-Mayank_06.c.json","anushkasharma142.c":"yogeshmahawar781.c-anushkasharma142.c.json","ABHIDHEYSINGH.c":"yogeshmahawar781.c-ABHIDHEYSINGH.c.json"},"ekanshsaraswat11.c":{"nairsuraj2111.c":"ekanshsaraswat11.c-nairsuraj2111.c.json","mananrathi21.c":"ekanshsaraswat11.c-mananrathi21.c.json","RUPALIGOYAL.c":"ekanshsaraswat11.c-RUPALIGOYAL.c.json","ARYAMANBOHRA.c":"ekanshsaraswat11.c-ARYAMANBOHRA.c.json","anmolsahu2.c":"anmolsahu2.c-ekanshsaraswat11.c.json","yogeshmahawar781.c":"yogeshmahawar781.c-ekanshsaraswat11.c.json","AYUSHSHARMA2023.c":"AYUSHSHARMA2023.c-ekanshsaraswat11.c.json","rahul9coc.c":"rahul9coc.c-ekanshsaraswat11.c.json","kaushalaman1225.c":"kaushalaman1225.c-ekanshsaraswat11.c.json","sharma2005bobby.c":"ekanshsaraswat11.c-sharma2005bobby.c.json","riddhikhandelwal.c":"ekanshsaraswat11.c-riddhikhandelwal.c.json","tusharparihar041.c":"ekanshsaraswat11.c-tusharparihar041.c.json","prathambansal111.c":"ekanshsaraswat11.c-prathambansal111.c.json","shreychechani.c":"ekanshsaraswat11.c-shreychechani.c.json","gursnehkaur1.c":"ekanshsaraswat11.c-gursnehkaur1.c.json","mohitttsh123.c":"ekanshsaraswat11.c-mohitttsh123.c.json","astitwarajawat.c":"astitwarajawat.c-ekanshsaraswat11.c.json","suhaniagarwal151.c":"suhaniagarwal151.c-ekanshsaraswat11.c.json","tanveerkanderiy1.c":"tanveerkanderiy1.c-ekanshsaraswat11.c.json","Mayank_06.c":"ekanshsaraswat11.c-Mayank_06.c.json","anushkasharma142.c":"anushkasharma142.c-ekanshsaraswat11.c.json","ABHIDHEYSINGH.c":"ekanshsaraswat11.c-ABHIDHEYSINGH.c.json"},"AYUSHSHARMA2023.c":{"nairsuraj2111.c":"AYUSHSHARMA2023.c-nairsuraj2111.c.json","mananrathi21.c":"AYUSHSHARMA2023.c-mananrathi21.c.json","RUPALIGOYAL.c":"AYUSHSHARMA2023.c-RUPALIGOYAL.c.json","ARYAMANBOHRA.c":"AYUSHSHARMA2023.c-ARYAMANBOHRA.c.json","anmolsahu2.c":"AYUSHSHARMA2023.c-anmolsahu2.c.json","yogeshmahawar781.c":"AYUSHSHARMA2023.c-yogeshmahawar781.c.json","ekanshsaraswat11.c":"AYUSHSHARMA2023.c-ekanshsaraswat11.c.json","rahul9coc.c":"AYUSHSHARMA2023.c-rahul9coc.c.json","kaushalaman1225.c":"AYUSHSHARMA2023.c-kaushalaman1225.c.json","sharma2005bobby.c":"AYUSHSHARMA2023.c-sharma2005bobby.c.json","riddhikhandelwal.c":"AYUSHSHARMA2023.c-riddhikhandelwal.c.json","tusharparihar041.c":"AYUSHSHARMA2023.c-tusharparihar041.c.json","prathambansal111.c":"AYUSHSHARMA2023.c-prathambansal111.c.json","gursnehkaur1.c":"AYUSHSHARMA2023.c-gursnehkaur1.c.json","shreychechani.c":"AYUSHSHARMA2023.c-shreychechani.c.json","mohitttsh123.c":"AYUSHSHARMA2023.c-mohitttsh123.c.json","astitwarajawat.c":"AYUSHSHARMA2023.c-astitwarajawat.c.json","suhaniagarwal151.c":"AYUSHSHARMA2023.c-suhaniagarwal151.c.json","tanveerkanderiy1.c":"AYUSHSHARMA2023.c-tanveerkanderiy1.c.json","Mayank_06.c":"AYUSHSHARMA2023.c-Mayank_06.c.json","anushkasharma142.c":"AYUSHSHARMA2023.c-anushkasharma142.c.json","ABHIDHEYSINGH.c":"AYUSHSHARMA2023.c-ABHIDHEYSINGH.c.json"},"rahul9coc.c":{"nairsuraj2111.c":"rahul9coc.c-nairsuraj2111.c.json","mananrathi21.c":"rahul9coc.c-mananrathi21.c.json","RUPALIGOYAL.c":"rahul9coc.c-RUPALIGOYAL.c.json","ARYAMANBOHRA.c":"rahul9coc.c-ARYAMANBOHRA.c.json","anmolsahu2.c":"anmolsahu2.c-rahul9coc.c.json","yogeshmahawar781.c":"rahul9coc.c-yogeshmahawar781.c.json","ekanshsaraswat11.c":"rahul9coc.c-ekanshsaraswat11.c.json","AYUSHSHARMA2023.c":"AYUSHSHARMA2023.c-rahul9coc.c.json","kaushalaman1225.c":"rahul9coc.c-kaushalaman1225.c.json","sharma2005bobby.c":"rahul9coc.c-sharma2005bobby.c.json","riddhikhandelwal.c":"rahul9coc.c-riddhikhandelwal.c.json","tusharparihar041.c":"rahul9coc.c-tusharparihar041.c.json","prathambansal111.c":"rahul9coc.c-prathambansal111.c.json","gursnehkaur1.c":"rahul9coc.c-gursnehkaur1.c.json","shreychechani.c":"rahul9coc.c-shreychechani.c.json","mohitttsh123.c":"rahul9coc.c-mohitttsh123.c.json","astitwarajawat.c":"rahul9coc.c-astitwarajawat.c.json","suhaniagarwal151.c":"rahul9coc.c-suhaniagarwal151.c.json","tanveerkanderiy1.c":"rahul9coc.c-tanveerkanderiy1.c.json","Mayank_06.c":"rahul9coc.c-Mayank_06.c.json","anushkasharma142.c":"rahul9coc.c-anushkasharma142.c.json","ABHIDHEYSINGH.c":"rahul9coc.c-ABHIDHEYSINGH.c.json"},"kaushalaman1225.c":{"nairsuraj2111.c":"kaushalaman1225.c-nairsuraj2111.c.json","mananrathi21.c":"kaushalaman1225.c-mananrathi21.c.json","RUPALIGOYAL.c":"kaushalaman1225.c-RUPALIGOYAL.c.json","ARYAMANBOHRA.c":"kaushalaman1225.c-ARYAMANBOHRA.c.json","anmolsahu2.c":"anmolsahu2.c-kaushalaman1225.c.json","yogeshmahawar781.c":"yogeshmahawar781.c-kaushalaman1225.c.json","ekanshsaraswat11.c":"kaushalaman1225.c-ekanshsaraswat11.c.json","AYUSHSHARMA2023.c":"AYUSHSHARMA2023.c-kaushalaman1225.c.json","rahul9coc.c":"rahul9coc.c-kaushalaman1225.c.json","sharma2005bobby.c":"kaushalaman1225.c-sharma2005bobby.c.json","riddhikhandelwal.c":"kaushalaman1225.c-riddhikhandelwal.c.json","tusharparihar041.c":"kaushalaman1225.c-tusharparihar041.c.json","prathambansal111.c":"kaushalaman1225.c-prathambansal111.c.json","gursnehkaur1.c":"kaushalaman1225.c-gursnehkaur1.c.json","shreychechani.c":"kaushalaman1225.c-shreychechani.c.json","mohitttsh123.c":"kaushalaman1225.c-mohitttsh123.c.json","astitwarajawat.c":"astitwarajawat.c-kaushalaman1225.c.json","suhaniagarwal151.c":"kaushalaman1225.c-suhaniagarwal151.c.json","tanveerkanderiy1.c":"tanveerkanderiy1.c-kaushalaman1225.c.json","Mayank_06.c":"kaushalaman1225.c-Mayank_06.c.json","anushkasharma142.c":"kaushalaman1225.c-anushkasharma142.c.json","ABHIDHEYSINGH.c":"kaushalaman1225.c-ABHIDHEYSINGH.c.json"},"sharma2005bobby.c":{"nairsuraj2111.c":"nairsuraj2111.c-sharma2005bobby.c.json","mananrathi21.c":"mananrathi21.c-sharma2005bobby.c.json","RUPALIGOYAL.c":"sharma2005bobby.c-RUPALIGOYAL.c.json","ARYAMANBOHRA.c":"ARYAMANBOHRA.c-sharma2005bobby.c.json","anmolsahu2.c":"anmolsahu2.c-sharma2005bobby.c.json","yogeshmahawar781.c":"yogeshmahawar781.c-sharma2005bobby.c.json","ekanshsaraswat11.c":"ekanshsaraswat11.c-sharma2005bobby.c.json","AYUSHSHARMA2023.c":"AYUSHSHARMA2023.c-sharma2005bobby.c.json","rahul9coc.c":"rahul9coc.c-sharma2005bobby.c.json","kaushalaman1225.c":"kaushalaman1225.c-sharma2005bobby.c.json","riddhikhandelwal.c":"riddhikhandelwal.c-sharma2005bobby.c.json","tusharparihar041.c":"tusharparihar041.c-sharma2005bobby.c.json","prathambansal111.c":"prathambansal111.c-sharma2005bobby.c.json","gursnehkaur1.c":"gursnehkaur1.c-sharma2005bobby.c.json","shreychechani.c":"shreychechani.c-sharma2005bobby.c.json","mohitttsh123.c":"mohitttsh123.c-sharma2005bobby.c.json","astitwarajawat.c":"astitwarajawat.c-sharma2005bobby.c.json","suhaniagarwal151.c":"suhaniagarwal151.c-sharma2005bobby.c.json","tanveerkanderiy1.c":"tanveerkanderiy1.c-sharma2005bobby.c.json","Mayank_06.c":"Mayank_06.c-sharma2005bobby.c.json","anushkasharma142.c":"anushkasharma142.c-sharma2005bobby.c.json","ABHIDHEYSINGH.c":"ABHIDHEYSINGH.c-sharma2005bobby.c.json"},"riddhikhandelwal.c":{"nairsuraj2111.c":"nairsuraj2111.c-riddhikhandelwal.c.json","mananrathi21.c":"riddhikhandelwal.c-mananrathi21.c.json","RUPALIGOYAL.c":"riddhikhandelwal.c-RUPALIGOYAL.c.json","ARYAMANBOHRA.c":"riddhikhandelwal.c-ARYAMANBOHRA.c.json","anmolsahu2.c":"anmolsahu2.c-riddhikhandelwal.c.json","yogeshmahawar781.c":"yogeshmahawar781.c-riddhikhandelwal.c.json","ekanshsaraswat11.c":"ekanshsaraswat11.c-riddhikhandelwal.c.json","rahul9coc.c":"rahul9coc.c-riddhikhandelwal.c.json","AYUSHSHARMA2023.c":"AYUSHSHARMA2023.c-riddhikhandelwal.c.json","kaushalaman1225.c":"kaushalaman1225.c-riddhikhandelwal.c.json","sharma2005bobby.c":"riddhikhandelwal.c-sharma2005bobby.c.json","tusharparihar041.c":"riddhikhandelwal.c-tusharparihar041.c.json","prathambansal111.c":"riddhikhandelwal.c-prathambansal111.c.json","gursnehkaur1.c":"riddhikhandelwal.c-gursnehkaur1.c.json","shreychechani.c":"riddhikhandelwal.c-shreychechani.c.json","mohitttsh123.c":"riddhikhandelwal.c-mohitttsh123.c.json","astitwarajawat.c":"astitwarajawat.c-riddhikhandelwal.c.json","suhaniagarwal151.c":"suhaniagarwal151.c-riddhikhandelwal.c.json","tanveerkanderiy1.c":"tanveerkanderiy1.c-riddhikhandelwal.c.json","Mayank_06.c":"riddhikhandelwal.c-Mayank_06.c.json","anushkasharma142.c":"anushkasharma142.c-riddhikhandelwal.c.json","ABHIDHEYSINGH.c":"riddhikhandelwal.c-ABHIDHEYSINGH.c.json"},"tusharparihar041.c":{"nairsuraj2111.c":"nairsuraj2111.c-tusharparihar041.c.json","mananrathi21.c":"tusharparihar041.c-mananrathi21.c.json","RUPALIGOYAL.c":"tusharparihar041.c-RUPALIGOYAL.c.json","ARYAMANBOHRA.c":"tusharparihar041.c-ARYAMANBOHRA.c.json","anmolsahu2.c":"anmolsahu2.c-tusharparihar041.c.json","yogeshmahawar781.c":"yogeshmahawar781.c-tusharparihar041.c.json","ekanshsaraswat11.c":"ekanshsaraswat11.c-tusharparihar041.c.json","AYUSHSHARMA2023.c":"AYUSHSHARMA2023.c-tusharparihar041.c.json","rahul9coc.c":"rahul9coc.c-tusharparihar041.c.json","kaushalaman1225.c":"kaushalaman1225.c-tusharparihar041.c.json","sharma2005bobby.c":"tusharparihar041.c-sharma2005bobby.c.json","riddhikhandelwal.c":"riddhikhandelwal.c-tusharparihar041.c.json","prathambansal111.c":"tusharparihar041.c-prathambansal111.c.json","shreychechani.c":"tusharparihar041.c-shreychechani.c.json","gursnehkaur1.c":"tusharparihar041.c-gursnehkaur1.c.json","mohitttsh123.c":"tusharparihar041.c-mohitttsh123.c.json","astitwarajawat.c":"astitwarajawat.c-tusharparihar041.c.json","suhaniagarwal151.c":"suhaniagarwal151.c-tusharparihar041.c.json","tanveerkanderiy1.c":"tanveerkanderiy1.c-tusharparihar041.c.json","Mayank_06.c":"tusharparihar041.c-Mayank_06.c.json","anushkasharma142.c":"anushkasharma142.c-tusharparihar041.c.json","ABHIDHEYSINGH.c":"tusharparihar041.c-ABHIDHEYSINGH.c.json"},"prathambansal111.c":{"nairsuraj2111.c":"nairsuraj2111.c-prathambansal111.c.json","mananrathi21.c":"prathambansal111.c-mananrathi21.c.json","RUPALIGOYAL.c":"prathambansal111.c-RUPALIGOYAL.c.json","ARYAMANBOHRA.c":"prathambansal111.c-ARYAMANBOHRA.c.json","anmolsahu2.c":"anmolsahu2.c-prathambansal111.c.json","yogeshmahawar781.c":"yogeshmahawar781.c-prathambansal111.c.json","ekanshsaraswat11.c":"ekanshsaraswat11.c-prathambansal111.c.json","AYUSHSHARMA2023.c":"AYUSHSHARMA2023.c-prathambansal111.c.json","rahul9coc.c":"rahul9coc.c-prathambansal111.c.json","kaushalaman1225.c":"kaushalaman1225.c-prathambansal111.c.json","sharma2005bobby.c":"prathambansal111.c-sharma2005bobby.c.json","riddhikhandelwal.c":"riddhikhandelwal.c-prathambansal111.c.json","tusharparihar041.c":"tusharparihar041.c-prathambansal111.c.json","gursnehkaur1.c":"prathambansal111.c-gursnehkaur1.c.json","shreychechani.c":"prathambansal111.c-shreychechani.c.json","mohitttsh123.c":"prathambansal111.c-mohitttsh123.c.json","astitwarajawat.c":"astitwarajawat.c-prathambansal111.c.json","suhaniagarwal151.c":"suhaniagarwal151.c-prathambansal111.c.json","tanveerkanderiy1.c":"tanveerkanderiy1.c-prathambansal111.c.json","Mayank_06.c":"prathambansal111.c-Mayank_06.c.json","anushkasharma142.c":"anushkasharma142.c-prathambansal111.c.json","ABHIDHEYSINGH.c":"ABHIDHEYSINGH.c-prathambansal111.c.json"},"gursnehkaur1.c":{"nairsuraj2111.c":"nairsuraj2111.c-gursnehkaur1.c.json","RUPALIGOYAL.c":"gursnehkaur1.c-RUPALIGOYAL.c.json","mananrathi21.c":"gursnehkaur1.c-mananrathi21.c.json","ARYAMANBOHRA.c":"ARYAMANBOHRA.c-gursnehkaur1.c.json","anmolsahu2.c":"anmolsahu2.c-gursnehkaur1.c.json","yogeshmahawar781.c":"yogeshmahawar781.c-gursnehkaur1.c.json","ekanshsaraswat11.c":"ekanshsaraswat11.c-gursnehkaur1.c.json","AYUSHSHARMA2023.c":"AYUSHSHARMA2023.c-gursnehkaur1.c.json","rahul9coc.c":"rahul9coc.c-gursnehkaur1.c.json","kaushalaman1225.c":"kaushalaman1225.c-gursnehkaur1.c.json","sharma2005bobby.c":"gursnehkaur1.c-sharma2005bobby.c.json","riddhikhandelwal.c":"riddhikhandelwal.c-gursnehkaur1.c.json","tusharparihar041.c":"tusharparihar041.c-gursnehkaur1.c.json","prathambansal111.c":"prathambansal111.c-gursnehkaur1.c.json","shreychechani.c":"gursnehkaur1.c-shreychechani.c.json","mohitttsh123.c":"gursnehkaur1.c-mohitttsh123.c.json","astitwarajawat.c":"astitwarajawat.c-gursnehkaur1.c.json","suhaniagarwal151.c":"suhaniagarwal151.c-gursnehkaur1.c.json","tanveerkanderiy1.c":"tanveerkanderiy1.c-gursnehkaur1.c.json","Mayank_06.c":"Mayank_06.c-gursnehkaur1.c.json","anushkasharma142.c":"anushkasharma142.c-gursnehkaur1.c.json","ABHIDHEYSINGH.c":"ABHIDHEYSINGH.c-gursnehkaur1.c.json"},"shreychechani.c":{"nairsuraj2111.c":"nairsuraj2111.c-shreychechani.c.json","RUPALIGOYAL.c":"shreychechani.c-RUPALIGOYAL.c.json","mananrathi21.c":"shreychechani.c-mananrathi21.c.json","ARYAMANBOHRA.c":"ARYAMANBOHRA.c-shreychechani.c.json","anmolsahu2.c":"anmolsahu2.c-shreychechani.c.json","yogeshmahawar781.c":"yogeshmahawar781.c-shreychechani.c.json","ekanshsaraswat11.c":"ekanshsaraswat11.c-shreychechani.c.json","AYUSHSHARMA2023.c":"AYUSHSHARMA2023.c-shreychechani.c.json","rahul9coc.c":"rahul9coc.c-shreychechani.c.json","kaushalaman1225.c":"kaushalaman1225.c-shreychechani.c.json","sharma2005bobby.c":"shreychechani.c-sharma2005bobby.c.json","riddhikhandelwal.c":"riddhikhandelwal.c-shreychechani.c.json","tusharparihar041.c":"tusharparihar041.c-shreychechani.c.json","prathambansal111.c":"prathambansal111.c-shreychechani.c.json","gursnehkaur1.c":"gursnehkaur1.c-shreychechani.c.json","mohitttsh123.c":"mohitttsh123.c-shreychechani.c.json","astitwarajawat.c":"astitwarajawat.c-shreychechani.c.json","suhaniagarwal151.c":"suhaniagarwal151.c-shreychechani.c.json","tanveerkanderiy1.c":"tanveerkanderiy1.c-shreychechani.c.json","Mayank_06.c":"Mayank_06.c-shreychechani.c.json","anushkasharma142.c":"anushkasharma142.c-shreychechani.c.json","ABHIDHEYSINGH.c":"ABHIDHEYSINGH.c-shreychechani.c.json"},"mohitttsh123.c":{"nairsuraj2111.c":"nairsuraj2111.c-mohitttsh123.c.json","RUPALIGOYAL.c":"mohitttsh123.c-RUPALIGOYAL.c.json","mananrathi21.c":"mohitttsh123.c-mananrathi21.c.json","ARYAMANBOHRA.c":"ARYAMANBOHRA.c-mohitttsh123.c.json","anmolsahu2.c":"anmolsahu2.c-mohitttsh123.c.json","yogeshmahawar781.c":"yogeshmahawar781.c-mohitttsh123.c.json","ekanshsaraswat11.c":"ekanshsaraswat11.c-mohitttsh123.c.json","AYUSHSHARMA2023.c":"AYUSHSHARMA2023.c-mohitttsh123.c.json","rahul9coc.c":"rahul9coc.c-mohitttsh123.c.json","kaushalaman1225.c":"kaushalaman1225.c-mohitttsh123.c.json","sharma2005bobby.c":"mohitttsh123.c-sharma2005bobby.c.json","riddhikhandelwal.c":"riddhikhandelwal.c-mohitttsh123.c.json","tusharparihar041.c":"tusharparihar041.c-mohitttsh123.c.json","prathambansal111.c":"prathambansal111.c-mohitttsh123.c.json","gursnehkaur1.c":"gursnehkaur1.c-mohitttsh123.c.json","shreychechani.c":"mohitttsh123.c-shreychechani.c.json","astitwarajawat.c":"astitwarajawat.c-mohitttsh123.c.json","suhaniagarwal151.c":"suhaniagarwal151.c-mohitttsh123.c.json","tanveerkanderiy1.c":"tanveerkanderiy1.c-mohitttsh123.c.json","Mayank_06.c":"Mayank_06.c-mohitttsh123.c.json","anushkasharma142.c":"anushkasharma142.c-mohitttsh123.c.json","ABHIDHEYSINGH.c":"ABHIDHEYSINGH.c-mohitttsh123.c.json"},"suhaniagarwal151.c":{"nairsuraj2111.c":"suhaniagarwal151.c-nairsuraj2111.c.json","mananrathi21.c":"suhaniagarwal151.c-mananrathi21.c.json","RUPALIGOYAL.c":"suhaniagarwal151.c-RUPALIGOYAL.c.json","ARYAMANBOHRA.c":"suhaniagarwal151.c-ARYAMANBOHRA.c.json","anmolsahu2.c":"anmolsahu2.c-suhaniagarwal151.c.json","yogeshmahawar781.c":"yogeshmahawar781.c-suhaniagarwal151.c.json","ekanshsaraswat11.c":"suhaniagarwal151.c-ekanshsaraswat11.c.json","rahul9coc.c":"rahul9coc.c-suhaniagarwal151.c.json","AYUSHSHARMA2023.c":"AYUSHSHARMA2023.c-suhaniagarwal151.c.json","kaushalaman1225.c":"kaushalaman1225.c-suhaniagarwal151.c.json","sharma2005bobby.c":"suhaniagarwal151.c-sharma2005bobby.c.json","riddhikhandelwal.c":"suhaniagarwal151.c-riddhikhandelwal.c.json","tusharparihar041.c":"suhaniagarwal151.c-tusharparihar041.c.json","prathambansal111.c":"suhaniagarwal151.c-prathambansal111.c.json","gursnehkaur1.c":"suhaniagarwal151.c-gursnehkaur1.c.json","shreychechani.c":"suhaniagarwal151.c-shreychechani.c.json","mohitttsh123.c":"suhaniagarwal151.c-mohitttsh123.c.json","astitwarajawat.c":"astitwarajawat.c-suhaniagarwal151.c.json","tanveerkanderiy1.c":"tanveerkanderiy1.c-suhaniagarwal151.c.json","Mayank_06.c":"suhaniagarwal151.c-Mayank_06.c.json","anushkasharma142.c":"anushkasharma142.c-suhaniagarwal151.c.json","ABHIDHEYSINGH.c":"suhaniagarwal151.c-ABHIDHEYSINGH.c.json"},"astitwarajawat.c":{"nairsuraj2111.c":"astitwarajawat.c-nairsuraj2111.c.json","mananrathi21.c":"astitwarajawat.c-mananrathi21.c.json","RUPALIGOYAL.c":"astitwarajawat.c-RUPALIGOYAL.c.json","ARYAMANBOHRA.c":"astitwarajawat.c-ARYAMANBOHRA.c.json","anmolsahu2.c":"anmolsahu2.c-astitwarajawat.c.json","yogeshmahawar781.c":"yogeshmahawar781.c-astitwarajawat.c.json","ekanshsaraswat11.c":"astitwarajawat.c-ekanshsaraswat11.c.json","AYUSHSHARMA2023.c":"AYUSHSHARMA2023.c-astitwarajawat.c.json","rahul9coc.c":"rahul9coc.c-astitwarajawat.c.json","kaushalaman1225.c":"astitwarajawat.c-kaushalaman1225.c.json","sharma2005bobby.c":"astitwarajawat.c-sharma2005bobby.c.json","riddhikhandelwal.c":"astitwarajawat.c-riddhikhandelwal.c.json","tusharparihar041.c":"astitwarajawat.c-tusharparihar041.c.json","prathambansal111.c":"astitwarajawat.c-prathambansal111.c.json","gursnehkaur1.c":"astitwarajawat.c-gursnehkaur1.c.json","shreychechani.c":"astitwarajawat.c-shreychechani.c.json","mohitttsh123.c":"astitwarajawat.c-mohitttsh123.c.json","suhaniagarwal151.c":"astitwarajawat.c-suhaniagarwal151.c.json","tanveerkanderiy1.c":"tanveerkanderiy1.c-astitwarajawat.c.json","Mayank_06.c":"astitwarajawat.c-Mayank_06.c.json","anushkasharma142.c":"astitwarajawat.c-anushkasharma142.c.json","ABHIDHEYSINGH.c":"astitwarajawat.c-ABHIDHEYSINGH.c.json"},"tanveerkanderiy1.c":{"nairsuraj2111.c":"tanveerkanderiy1.c-nairsuraj2111.c.json","mananrathi21.c":"tanveerkanderiy1.c-mananrathi21.c.json","RUPALIGOYAL.c":"tanveerkanderiy1.c-RUPALIGOYAL.c.json","ARYAMANBOHRA.c":"tanveerkanderiy1.c-ARYAMANBOHRA.c.json","anmolsahu2.c":"anmolsahu2.c-tanveerkanderiy1.c.json","yogeshmahawar781.c":"tanveerkanderiy1.c-yogeshmahawar781.c.json","ekanshsaraswat11.c":"tanveerkanderiy1.c-ekanshsaraswat11.c.json","AYUSHSHARMA2023.c":"AYUSHSHARMA2023.c-tanveerkanderiy1.c.json","rahul9coc.c":"rahul9coc.c-tanveerkanderiy1.c.json","kaushalaman1225.c":"tanveerkanderiy1.c-kaushalaman1225.c.json","sharma2005bobby.c":"tanveerkanderiy1.c-sharma2005bobby.c.json","riddhikhandelwal.c":"tanveerkanderiy1.c-riddhikhandelwal.c.json","tusharparihar041.c":"tanveerkanderiy1.c-tusharparihar041.c.json","prathambansal111.c":"tanveerkanderiy1.c-prathambansal111.c.json","gursnehkaur1.c":"tanveerkanderiy1.c-gursnehkaur1.c.json","shreychechani.c":"tanveerkanderiy1.c-shreychechani.c.json","mohitttsh123.c":"tanveerkanderiy1.c-mohitttsh123.c.json","astitwarajawat.c":"tanveerkanderiy1.c-astitwarajawat.c.json","suhaniagarwal151.c":"tanveerkanderiy1.c-suhaniagarwal151.c.json","Mayank_06.c":"tanveerkanderiy1.c-Mayank_06.c.json","anushkasharma142.c":"tanveerkanderiy1.c-anushkasharma142.c.json","ABHIDHEYSINGH.c":"tanveerkanderiy1.c-ABHIDHEYSINGH.c.json"},"Mayank_06.c":{"nairsuraj2111.c":"nairsuraj2111.c-Mayank_06.c.json","RUPALIGOYAL.c":"Mayank_06.c-RUPALIGOYAL.c.json","mananrathi21.c":"Mayank_06.c-mananrathi21.c.json","ARYAMANBOHRA.c":"ARYAMANBOHRA.c-Mayank_06.c.json","anmolsahu2.c":"anmolsahu2.c-Mayank_06.c.json","yogeshmahawar781.c":"yogeshmahawar781.c-Mayank_06.c.json","ekanshsaraswat11.c":"ekanshsaraswat11.c-Mayank_06.c.json","AYUSHSHARMA2023.c":"AYUSHSHARMA2023.c-Mayank_06.c.json","rahul9coc.c":"rahul9coc.c-Mayank_06.c.json","kaushalaman1225.c":"kaushalaman1225.c-Mayank_06.c.json","sharma2005bobby.c":"Mayank_06.c-sharma2005bobby.c.json","riddhikhandelwal.c":"riddhikhandelwal.c-Mayank_06.c.json","tusharparihar041.c":"tusharparihar041.c-Mayank_06.c.json","prathambansal111.c":"prathambansal111.c-Mayank_06.c.json","gursnehkaur1.c":"Mayank_06.c-gursnehkaur1.c.json","shreychechani.c":"Mayank_06.c-shreychechani.c.json","mohitttsh123.c":"Mayank_06.c-mohitttsh123.c.json","astitwarajawat.c":"astitwarajawat.c-Mayank_06.c.json","suhaniagarwal151.c":"suhaniagarwal151.c-Mayank_06.c.json","tanveerkanderiy1.c":"tanveerkanderiy1.c-Mayank_06.c.json","anushkasharma142.c":"anushkasharma142.c-Mayank_06.c.json","ABHIDHEYSINGH.c":"ABHIDHEYSINGH.c-Mayank_06.c.json"},"anushkasharma142.c":{"nairsuraj2111.c":"anushkasharma142.c-nairsuraj2111.c.json","mananrathi21.c":"anushkasharma142.c-mananrathi21.c.json","RUPALIGOYAL.c":"anushkasharma142.c-RUPALIGOYAL.c.json","ARYAMANBOHRA.c":"anushkasharma142.c-ARYAMANBOHRA.c.json","anmolsahu2.c":"anmolsahu2.c-anushkasharma142.c.json","yogeshmahawar781.c":"yogeshmahawar781.c-anushkasharma142.c.json","ekanshsaraswat11.c":"anushkasharma142.c-ekanshsaraswat11.c.json","rahul9coc.c":"rahul9coc.c-anushkasharma142.c.json","AYUSHSHARMA2023.c":"AYUSHSHARMA2023.c-anushkasharma142.c.json","kaushalaman1225.c":"kaushalaman1225.c-anushkasharma142.c.json","sharma2005bobby.c":"anushkasharma142.c-sharma2005bobby.c.json","riddhikhandelwal.c":"anushkasharma142.c-riddhikhandelwal.c.json","tusharparihar041.c":"anushkasharma142.c-tusharparihar041.c.json","prathambansal111.c":"anushkasharma142.c-prathambansal111.c.json","gursnehkaur1.c":"anushkasharma142.c-gursnehkaur1.c.json","shreychechani.c":"anushkasharma142.c-shreychechani.c.json","mohitttsh123.c":"anushkasharma142.c-mohitttsh123.c.json","suhaniagarwal151.c":"anushkasharma142.c-suhaniagarwal151.c.json","astitwarajawat.c":"astitwarajawat.c-anushkasharma142.c.json","tanveerkanderiy1.c":"tanveerkanderiy1.c-anushkasharma142.c.json","Mayank_06.c":"anushkasharma142.c-Mayank_06.c.json","ABHIDHEYSINGH.c":"anushkasharma142.c-ABHIDHEYSINGH.c.json"},"ABHIDHEYSINGH.c":{"nairsuraj2111.c":"nairsuraj2111.c-ABHIDHEYSINGH.c.json","mananrathi21.c":"ABHIDHEYSINGH.c-mananrathi21.c.json","RUPALIGOYAL.c":"ABHIDHEYSINGH.c-RUPALIGOYAL.c.json","ARYAMANBOHRA.c":"ABHIDHEYSINGH.c-ARYAMANBOHRA.c.json","anmolsahu2.c":"anmolsahu2.c-ABHIDHEYSINGH.c.json","yogeshmahawar781.c":"yogeshmahawar781.c-ABHIDHEYSINGH.c.json","ekanshsaraswat11.c":"ekanshsaraswat11.c-ABHIDHEYSINGH.c.json","rahul9coc.c":"rahul9coc.c-ABHIDHEYSINGH.c.json","AYUSHSHARMA2023.c":"AYUSHSHARMA2023.c-ABHIDHEYSINGH.c.json","kaushalaman1225.c":"kaushalaman1225.c-ABHIDHEYSINGH.c.json","sharma2005bobby.c":"ABHIDHEYSINGH.c-sharma2005bobby.c.json","riddhikhandelwal.c":"riddhikhandelwal.c-ABHIDHEYSINGH.c.json","tusharparihar041.c":"tusharparihar041.c-ABHIDHEYSINGH.c.json","prathambansal111.c":"ABHIDHEYSINGH.c-prathambansal111.c.json","gursnehkaur1.c":"ABHIDHEYSINGH.c-gursnehkaur1.c.json","shreychechani.c":"ABHIDHEYSINGH.c-shreychechani.c.json","mohitttsh123.c":"ABHIDHEYSINGH.c-mohitttsh123.c.json","suhaniagarwal151.c":"suhaniagarwal151.c-ABHIDHEYSINGH.c.json","astitwarajawat.c":"astitwarajawat.c-ABHIDHEYSINGH.c.json","tanveerkanderiy1.c":"tanveerkanderiy1.c-ABHIDHEYSINGH.c.json","Mayank_06.c":"ABHIDHEYSINGH.c-Mayank_06.c.json","anushkasharma142.c":"anushkasharma142.c-ABHIDHEYSINGH.c.json"}},"failed_submission_names":[],"excluded_files":[],"match_sensitivity":12,"date_of_execution":"23/09/24","execution_time":115,"distributions":{"MAX":[90,3,14,17,31,41,5,9,20,10,5,2,4,1,0,0,1,0,0,0,0,0,0,0,0,0,0,0,0,0,0,0,0,0,0,0,0,0,0,0,0,0,0,0,0,0,0,0,0,0,0,0,0,0,0,0,0,0,0,0,0,0,0,0,0,0,0,0,0,0,0,0,0,0,0,0,0,0,0,0,0,0,0,0,0,0,0,0,0,0,0,0,0,0,0,0,0,0,0,0],"AVG":[13,0,9,18,17,27,42,31,34,22,5,5,3,10,8,5,3,0,0,0,1,0,0,0,0,0,0,0,0,0,0,0,0,0,0,0,0,0,0,0,0,0,0,0,0,0,0,0,0,0,0,0,0,0,0,0,0,0,0,0,0,0,0,0,0,0,0,0,0,0,0,0,0,0,0,0,0,0,0,0,0,0,0,0,0,0,0,0,0,0,0,0,0,0,0,0,0,0,0,0]},"top_comparisons":[{"first_submission":"Mayank_06.c","second_submission":"mohitttsh123.c","similarities":{"MAX":1.0,"AVG":1.0}},{"first_submission":"Mayank_06.c","second_submission":"gursnehkaur1.c","similarities":{"MAX":1.0,"AVG":1.0}},{"first_submission":"gursnehkaur1.c","second_submission":"mohitttsh123.c","similarities":{"MAX":1.0,"AVG":1.0}},{"first_submission":"rahul9coc.c","second_submission":"tanveerkanderiy1.c","similarities":{"MAX":1.0,"AVG":1.0}},{"first_submission":"anmolsahu2.c","second_submission":"tanveerkanderiy1.c","similarities":{"MAX":1.0,"AVG":1.0}},{"first_submission":"AYUSHSHARMA2023.c","second_submission":"tanveerkanderiy1.c","similarities":{"MAX":1.0,"AVG":1.0}},{"first_submission":"anmolsahu2.c","second_submission":"rahul9coc.c","similarities":{"MAX":1.0,"AVG":1.0}},{"first_submission":"AYUSHSHARMA2023.c","second_submission":"rahul9coc.c","similarities":{"MAX":1.0,"AVG":1.0}},{"first_submission":"AYUSHSHARMA2023.c","second_submission":"anmolsahu2.c","similarities":{"MAX":1.0,"AVG":1.0}},{"first_submission":"ARYAMANBOHRA.c","second_submission":"shreychechani.c","similarities":{"MAX":1.0,"AVG":0.9973890339425587}},{"first_submission":"prathambansal111.c","second_submission":"Mayank_06.c","similarities":{"MAX":1.0,"AVG":0.9947368421052631}},{"first_submission":"prathambansal111.c","second_submission":"mohitttsh123.c","similarities":{"MAX":1.0,"AVG":0.9947368421052631}},{"first_submission":"prathambansal111.c","second_submission":"gursnehkaur1.c","similarities":{"MAX":1.0,"AVG":0.9947368421052631}},{"first_submission":"anushkasharma142.c","second_submission":"suhaniagarwal151.c","similarities":{"MAX":0.9776536312849162,"AVG":0.9776536312849162}},{"first_submission":"Mayank_06.c","second_submission":"shreychechani.c","similarities":{"MAX":0.9790575916230366,"AVG":0.9765013054830287}},{"first_submission":"mohitttsh123.c","second_submission":"shreychechani.c","similarities":{"MAX":0.9790575916230366,"AVG":0.9765013054830287}},{"first_submission":"gursnehkaur1.c","second_submission":"shreychechani.c","similarities":{"MAX":0.9790575916230366,"AVG":0.9765013054830287}},{"first_submission":"tanveerkanderiy1.c","second_submission":"yogeshmahawar781.c","similarities":{"MAX":1.0,"AVG":0.9709302325581395}},{"first_submission":"rahul9coc.c","second_submission":"yogeshmahawar781.c","similarities":{"MAX":1.0,"AVG":0.9709302325581395}},{"first_submission":"anmolsahu2.c","second_submission":"yogeshmahawar781.c","similarities":{"MAX":1.0,"AVG":0.9709302325581395}},{"first_submission":"AYUSHSHARMA2023.c","second_submission":"yogeshmahawar781.c","similarities":{"MAX":1.0,"AVG":0.9709302325581395}},{"first_submission":"anushkasharma142.c","second_submission":"ABHIDHEYSINGH.c","similarities":{"MAX":0.994413407821229,"AVG":0.9700272479564033}},{"first_submission":"prathambansal111.c","second_submission":"ARYAMANBOHRA.c","similarities":{"MAX":0.9735449735449735,"AVG":0.968421052631579}},{"first_submission":"tanveerkanderiy1.c","second_submission":"kaushalaman1225.c","similarities":{"MAX":1.0,"AVG":0.9681159420289855}},{"first_submission":"rahul9coc.c","second_submission":"kaushalaman1225.c","similarities":{"MAX":1.0,"AVG":0.9681159420289855}},{"first_submission":"anmolsahu2.c","second_submission":"kaushalaman1225.c","similarities":{"MAX":1.0,"AVG":0.9681159420289855}},{"first_submission":"AYUSHSHARMA2023.c","second_submission":"kaushalaman1225.c","similarities":{"MAX":1.0,"AVG":0.9681159420289855}},{"first_submission":"tanveerkanderiy1.c","second_submission":"astitwarajawat.c","similarities":{"MAX":1.0,"AVG":0.9681159420289855}},{"first_submission":"rahul9coc.c","second_submission":"astitwarajawat.c","similarities":{"MAX":1.0,"AVG":0.9681159420289855}},{"first_submission":"anmolsahu2.c","second_submission":"astitwarajawat.c","similarities":{"MAX":1.0,"AVG":0.9681159420289855}},{"first_submission":"AYUSHSHARMA2023.c","second_submission":"astitwarajawat.c","similarities":{"MAX":1.0,"AVG":0.9681159420289855}},{"first_submission":"tanveerkanderiy1.c","second_submission":"anushkasharma142.c","similarities":{"MAX":1.0,"AVG":0.9653179190751445}},{"first_submission":"tanveerkanderiy1.c","second_submission":"suhaniagarwal151.c","similarities":{"MAX":1.0,"AVG":0.9653179190751445}},{"first_submission":"rahul9coc.c","second_submission":"anushkasharma142.c","similarities":{"MAX":1.0,"AVG":0.9653179190751445}},{"first_submission":"anmolsahu2.c","second_submission":"anushkasharma142.c","similarities":{"MAX":1.0,"AVG":0.9653179190751445}},{"first_submission":"AYUSHSHARMA2023.c","second_submission":"anushkasharma142.c","similarities":{"MAX":1.0,"AVG":0.9653179190751445}},{"first_submission":"rahul9coc.c","second_submission":"suhaniagarwal151.c","similarities":{"MAX":1.0,"AVG":0.9653179190751445}},{"first_submission":"anmolsahu2.c","second_submission":"suhaniagarwal151.c","similarities":{"MAX":1.0,"AVG":0.9653179190751445}},{"first_submission":"AYUSHSHARMA2023.c","second_submission":"suhaniagarwal151.c","similarities":{"MAX":1.0,"AVG":0.9653179190751445}},{"first_submission":"anushkasharma142.c","second_submission":"nairsuraj2111.c","similarities":{"MAX":0.9664804469273743,"AVG":0.9611111111111111}},{"first_submission":"tanveerkanderiy1.c","second_submission":"nairsuraj2111.c","similarities":{"MAX":1.0,"AVG":0.9597701149425287}},{"first_submission":"tanveerkanderiy1.c","second_submission":"ekanshsaraswat11.c","similarities":{"MAX":1.0,"AVG":0.9597701149425287}},{"first_submission":"rahul9coc.c","second_submission":"nairsuraj2111.c","similarities":{"MAX":1.0,"AVG":0.9597701149425287}},{"first_submission":"anmolsahu2.c","second_submission":"nairsuraj2111.c","similarities":{"MAX":1.0,"AVG":0.9597701149425287}},{"first_submission":"AYUSHSHARMA2023.c","second_submission":"nairsuraj2111.c","similarities":{"MAX":1.0,"AVG":0.9597701149425287}},{"first_submission":"rahul9coc.c","second_submission":"ekanshsaraswat11.c","similarities":{"MAX":1.0,"AVG":0.9597701149425287}},{"first_submission":"anmolsahu2.c","second_submission":"ekanshsaraswat11.c","similarities":{"MAX":1.0,"AVG":0.9597701149425287}},{"first_submission":"AYUSHSHARMA2023.c","second_submission":"ekanshsaraswat11.c","similarities":{"MAX":1.0,"AVG":0.9597701149425287}},{"first_submission":"astitwarajawat.c","second_submission":"anushkasharma142.c","similarities":{"MAX":0.9606741573033708,"AVG":0.957983193277311}},{"first_submission":"nairsuraj2111.c","second_submission":"riddhikhandelwal.c","similarities":{"MAX":0.9723756906077348,"AVG":0.9565217391304348}},{"first_submission":"astitwarajawat.c","second_submission":"kaushalaman1225.c","similarities":{"MAX":0.9550561797752809,"AVG":0.9550561797752809}},{"first_submission":"suhaniagarwal151.c","second_submission":"ABHIDHEYSINGH.c","similarities":{"MAX":0.9776536312849162,"AVG":0.9536784741144414}},{"first_submission":"astitwarajawat.c","second_submission":"nairsuraj2111.c","similarities":{"MAX":0.9606741573033708,"AVG":0.9526462395543176}},{"first_submission":"kaushalaman1225.c","second_submission":"anushkasharma142.c","similarities":{"MAX":0.9550561797752809,"AVG":0.9523809523809523}},{"first_submission":"tusharparihar041.c","second_submission":"ARYAMANBOHRA.c","similarities":{"MAX":0.9625668449197861,"AVG":0.9523809523809523}},{"first_submission":"anushkasharma142.c","second_submission":"riddhikhandelwal.c","similarities":{"MAX":0.9720670391061452,"AVG":0.9508196721311475}},{"first_submission":"anushkasharma142.c","second_submission":"ekanshsaraswat11.c","similarities":{"MAX":0.9553072625698324,"AVG":0.95}},{"first_submission":"tusharparihar041.c","second_submission":"shreychechani.c","similarities":{"MAX":0.9625668449197861,"AVG":0.9498680738786279}},{"first_submission":"kaushalaman1225.c","second_submission":"nairsuraj2111.c","similarities":{"MAX":0.9550561797752809,"AVG":0.947075208913649}},{"first_submission":"astitwarajawat.c","second_submission":"ekanshsaraswat11.c","similarities":{"MAX":0.9550561797752809,"AVG":0.947075208913649}},{"first_submission":"yogeshmahawar781.c","second_submission":"astitwarajawat.c","similarities":{"MAX":0.9491525423728814,"AVG":0.9464788732394366}},{"first_submission":"ekanshsaraswat11.c","second_submission":"nairsuraj2111.c","similarities":{"MAX":0.9447513812154696,"AVG":0.9447513812154696}},{"first_submission":"yogeshmahawar781.c","second_submission":"anushkasharma142.c","similarities":{"MAX":0.9491525423728814,"AVG":0.9438202247191011}},{"first_submission":"yogeshmahawar781.c","second_submission":"suhaniagarwal151.c","similarities":{"MAX":0.9491525423728814,"AVG":0.9438202247191011}},{"first_submission":"tanveerkanderiy1.c","second_submission":"tusharparihar041.c","similarities":{"MAX":1.0,"AVG":0.943502824858757}},{"first_submission":"tanveerkanderiy1.c","second_submission":"riddhikhandelwal.c","similarities":{"MAX":1.0,"AVG":0.943502824858757}},{"first_submission":"rahul9coc.c","second_submission":"tusharparihar041.c","similarities":{"MAX":1.0,"AVG":0.943502824858757}},{"first_submission":"anmolsahu2.c","second_submission":"tusharparihar041.c","similarities":{"MAX":1.0,"AVG":0.943502824858757}},{"first_submission":"AYUSHSHARMA2023.c","second_submission":"tusharparihar041.c","similarities":{"MAX":1.0,"AVG":0.943502824858757}},{"first_submission":"rahul9coc.c","second_submission":"riddhikhandelwal.c","similarities":{"MAX":1.0,"AVG":0.943502824858757}},{"first_submission":"anmolsahu2.c","second_submission":"riddhikhandelwal.c","similarities":{"MAX":1.0,"AVG":0.943502824858757}},{"first_submission":"AYUSHSHARMA2023.c","second_submission":"riddhikhandelwal.c","similarities":{"MAX":1.0,"AVG":0.943502824858757}},{"first_submission":"astitwarajawat.c","second_submission":"Mayank_06.c","similarities":{"MAX":0.9775280898876404,"AVG":0.943089430894309}},{"first_submission":"astitwarajawat.c","second_submission":"mohitttsh123.c","similarities":{"MAX":0.9775280898876404,"AVG":0.943089430894309}},{"first_submission":"astitwarajawat.c","second_submission":"gursnehkaur1.c","similarities":{"MAX":0.9775280898876404,"AVG":0.943089430894309}},{"first_submission":"astitwarajawat.c","second_submission":"prathambansal111.c","similarities":{"MAX":0.9719101123595506,"AVG":0.9427792915531336}},{"first_submission":"kaushalaman1225.c","second_submission":"ekanshsaraswat11.c","similarities":{"MAX":0.949438202247191,"AVG":0.9415041782729805}},{"first_submission":"astitwarajawat.c","second_submission":"suhaniagarwal151.c","similarities":{"MAX":0.9438202247191011,"AVG":0.9411764705882353}},{"first_submission":"yogeshmahawar781.c","second_submission":"kaushalaman1225.c","similarities":{"MAX":0.943502824858757,"AVG":0.9408450704225352}},{"first_submission":"tanveerkanderiy1.c","second_submission":"ABHIDHEYSINGH.c","similarities":{"MAX":1.0,"AVG":0.9408450704225352}},{"first_submission":"rahul9coc.c","second_submission":"ABHIDHEYSINGH.c","similarities":{"MAX":1.0,"AVG":0.9408450704225352}},{"first_submission":"anmolsahu2.c","second_submission":"ABHIDHEYSINGH.c","similarities":{"MAX":1.0,"AVG":0.9408450704225352}},{"first_submission":"AYUSHSHARMA2023.c","second_submission":"ABHIDHEYSINGH.c","similarities":{"MAX":1.0,"AVG":0.9408450704225352}},{"first_submission":"ekanshsaraswat11.c","second_submission":"prathambansal111.c","similarities":{"MAX":0.9613259668508287,"AVG":0.9405405405405406}},{"first_submission":"suhaniagarwal151.c","second_submission":"nairsuraj2111.c","similarities":{"MAX":0.9441340782122905,"AVG":0.9388888888888889}},{"first_submission":"suhaniagarwal151.c","second_submission":"ekanshsaraswat11.c","similarities":{"MAX":0.9441340782122905,"AVG":0.9388888888888889}},{"first_submission":"yogeshmahawar781.c","second_submission":"nairsuraj2111.c","similarities":{"MAX":0.9491525423728814,"AVG":0.9385474860335196}},{"first_submission":"yogeshmahawar781.c","second_submission":"ekanshsaraswat11.c","similarities":{"MAX":0.9491525423728814,"AVG":0.9385474860335196}},{"first_submission":"tanveerkanderiy1.c","second_submission":"prathambansal111.c","similarities":{"MAX":1.0,"AVG":0.9382022471910112}},{"first_submission":"rahul9coc.c","second_submission":"prathambansal111.c","similarities":{"MAX":1.0,"AVG":0.9382022471910112}},{"first_submission":"anmolsahu2.c","second_submission":"prathambansal111.c","similarities":{"MAX":1.0,"AVG":0.9382022471910112}},{"first_submission":"AYUSHSHARMA2023.c","second_submission":"prathambansal111.c","similarities":{"MAX":1.0,"AVG":0.9382022471910112}},{"first_submission":"astitwarajawat.c","second_submission":"riddhikhandelwal.c","similarities":{"MAX":0.9606741573033708,"AVG":0.936986301369863}},{"first_submission":"kaushalaman1225.c","second_submission":"suhaniagarwal151.c","similarities":{"MAX":0.9382022471910112,"AVG":0.9355742296918768}},{"first_submission":"nairsuraj2111.c","second_submission":"tusharparihar041.c","similarities":{"MAX":0.9502762430939227,"AVG":0.9347826086956522}},{"first_submission":"anushkasharma142.c","second_submission":"prathambansal111.c","similarities":{"MAX":0.9608938547486033,"AVG":0.9347826086956522}},{"first_submission":"ekanshsaraswat11.c","second_submission":"tusharparihar041.c","similarities":{"MAX":0.9502762430939227,"AVG":0.9347826086956522}},{"first_submission":"astitwarajawat.c","second_submission":"ABHIDHEYSINGH.c","similarities":{"MAX":0.9606741573033708,"AVG":0.9344262295081968}},{"first_submission":"anushkasharma142.c","second_submission":"tusharparihar041.c","similarities":{"MAX":0.9553072625698324,"AVG":0.9344262295081968}},{"first_submission":"tanveerkanderiy1.c","second_submission":"Mayank_06.c","similarities":{"MAX":1.0,"AVG":0.9329608938547486}},{"first_submission":"rahul9coc.c","second_submission":"Mayank_06.c","similarities":{"MAX":1.0,"AVG":0.9329608938547486}},{"first_submission":"anmolsahu2.c","second_submission":"Mayank_06.c","similarities":{"MAX":1.0,"AVG":0.9329608938547486}},{"first_submission":"AYUSHSHARMA2023.c","second_submission":"Mayank_06.c","similarities":{"MAX":1.0,"AVG":0.9329608938547486}},{"first_submission":"tanveerkanderiy1.c","second_submission":"mohitttsh123.c","similarities":{"MAX":1.0,"AVG":0.9329608938547486}},{"first_submission":"rahul9coc.c","second_submission":"mohitttsh123.c","similarities":{"MAX":1.0,"AVG":0.9329608938547486}},{"first_submission":"anmolsahu2.c","second_submission":"mohitttsh123.c","similarities":{"MAX":1.0,"AVG":0.9329608938547486}},{"first_submission":"AYUSHSHARMA2023.c","second_submission":"mohitttsh123.c","similarities":{"MAX":1.0,"AVG":0.9329608938547486}},{"first_submission":"tanveerkanderiy1.c","second_submission":"ARYAMANBOHRA.c","similarities":{"MAX":1.0,"AVG":0.9329608938547486}},{"first_submission":"rahul9coc.c","second_submission":"ARYAMANBOHRA.c","similarities":{"MAX":1.0,"AVG":0.9329608938547486}},{"first_submission":"anmolsahu2.c","second_submission":"ARYAMANBOHRA.c","similarities":{"MAX":1.0,"AVG":0.9329608938547486}},{"first_submission":"AYUSHSHARMA2023.c","second_submission":"ARYAMANBOHRA.c","similarities":{"MAX":1.0,"AVG":0.9329608938547486}},{"first_submission":"tanveerkanderiy1.c","second_submission":"gursnehkaur1.c","similarities":{"MAX":1.0,"AVG":0.9329608938547486}},{"first_submission":"rahul9coc.c","second_submission":"gursnehkaur1.c","similarities":{"MAX":1.0,"AVG":0.9329608938547486}},{"first_submission":"anmolsahu2.c","second_submission":"gursnehkaur1.c","similarities":{"MAX":1.0,"AVG":0.9329608938547486}},{"first_submission":"AYUSHSHARMA2023.c","second_submission":"gursnehkaur1.c","similarities":{"MAX":1.0,"AVG":0.9329608938547486}},{"first_submission":"kaushalaman1225.c","second_submission":"mananrathi21.c","similarities":{"MAX":0.9719101123595506,"AVG":0.9326145552560647}},{"first_submission":"nairsuraj2111.c","second_submission":"ABHIDHEYSINGH.c","similarities":{"MAX":0.9502762430939227,"AVG":0.9322493224932249}},{"first_submission":"kaushalaman1225.c","second_submission":"riddhikhandelwal.c","similarities":{"MAX":0.9550561797752809,"AVG":0.9315068493150684}},{"first_submission":"astitwarajawat.c","second_submission":"tusharparihar041.c","similarities":{"MAX":0.9550561797752809,"AVG":0.9315068493150684}},{"first_submission":"tanveerkanderiy1.c","second_submission":"shreychechani.c","similarities":{"MAX":1.0,"AVG":0.9303621169916435}},{"first_submission":"rahul9coc.c","second_submission":"shreychechani.c","similarities":{"MAX":1.0,"AVG":0.9303621169916435}},{"first_submission":"anmolsahu2.c","second_submission":"shreychechani.c","similarities":{"MAX":1.0,"AVG":0.9303621169916435}},{"first_submission":"AYUSHSHARMA2023.c","second_submission":"shreychechani.c","similarities":{"MAX":1.0,"AVG":0.9303621169916435}},{"first_submission":"nairsuraj2111.c","second_submission":"Mayank_06.c","similarities":{"MAX":0.9558011049723757,"AVG":0.9301075268817204}},{"first_submission":"nairsuraj2111.c","second_submission":"mohitttsh123.c","similarities":{"MAX":0.9558011049723757,"AVG":0.9301075268817204}},{"first_submission":"nairsuraj2111.c","second_submission":"gursnehkaur1.c","similarities":{"MAX":0.9558011049723757,"AVG":0.9301075268817204}},{"first_submission":"anushkasharma142.c","second_submission":"Mayank_06.c","similarities":{"MAX":0.9608938547486033,"AVG":0.9297297297297298}},{"first_submission":"anushkasharma142.c","second_submission":"mohitttsh123.c","similarities":{"MAX":0.9608938547486033,"AVG":0.9297297297297298}},{"first_submission":"anushkasharma142.c","second_submission":"gursnehkaur1.c","similarities":{"MAX":0.9608938547486033,"AVG":0.9297297297297298}},{"first_submission":"nairsuraj2111.c","second_submission":"prathambansal111.c","similarities":{"MAX":0.9502762430939227,"AVG":0.9297297297297298}},{"first_submission":"ekanshsaraswat11.c","second_submission":"riddhikhandelwal.c","similarities":{"MAX":0.9447513812154696,"AVG":0.9293478260869565}},{"first_submission":"kaushalaman1225.c","second_submission":"ABHIDHEYSINGH.c","similarities":{"MAX":0.9550561797752809,"AVG":0.9289617486338798}},{"first_submission":"suhaniagarwal151.c","second_submission":"riddhikhandelwal.c","similarities":{"MAX":0.9497206703910615,"AVG":0.9289617486338798}},{"first_submission":"tanveerkanderiy1.c","second_submission":"mananrathi21.c","similarities":{"MAX":1.0,"AVG":0.9277777777777778}},{"first_submission":"rahul9coc.c","second_submission":"mananrathi21.c","similarities":{"MAX":1.0,"AVG":0.9277777777777778}},{"first_submission":"anmolsahu2.c","second_submission":"mananrathi21.c","similarities":{"MAX":1.0,"AVG":0.9277777777777778}},{"first_submission":"AYUSHSHARMA2023.c","second_submission":"mananrathi21.c","similarities":{"MAX":1.0,"AVG":0.9277777777777778}},{"first_submission":"ekanshsaraswat11.c","second_submission":"ABHIDHEYSINGH.c","similarities":{"MAX":0.9447513812154696,"AVG":0.926829268292683}},{"first_submission":"kaushalaman1225.c","second_submission":"prathambansal111.c","similarities":{"MAX":0.9550561797752809,"AVG":0.9264305177111717}},{"first_submission":"kaushalaman1225.c","second_submission":"tusharparihar041.c","similarities":{"MAX":0.949438202247191,"AVG":0.9260273972602739}},{"first_submission":"nairsuraj2111.c","second_submission":"ARYAMANBOHRA.c","similarities":{"MAX":0.9502762430939227,"AVG":0.9247311827956989}},{"first_submission":"ekanshsaraswat11.c","second_submission":"ARYAMANBOHRA.c","similarities":{"MAX":0.9502762430939227,"AVG":0.9247311827956989}},{"first_submission":"anushkasharma142.c","second_submission":"mananrathi21.c","similarities":{"MAX":0.9608938547486033,"AVG":0.9247311827956989}},{"first_submission":"anushkasharma142.c","second_submission":"ARYAMANBOHRA.c","similarities":{"MAX":0.9553072625698324,"AVG":0.9243243243243243}},{"first_submission":"suhaniagarwal151.c","second_submission":"tusharparihar041.c","similarities":{"MAX":0.9441340782122905,"AVG":0.9234972677595629}},{"first_submission":"yogeshmahawar781.c","second_submission":"tusharparihar041.c","similarities":{"MAX":0.9491525423728814,"AVG":0.9230769230769231}},{"first_submission":"yogeshmahawar781.c","second_submission":"riddhikhandelwal.c","similarities":{"MAX":0.9491525423728814,"AVG":0.9230769230769231}},{"first_submission":"riddhikhandelwal.c","second_submission":"ABHIDHEYSINGH.c","similarities":{"MAX":0.9251336898395722,"AVG":0.9226666666666666}},{"first_submission":"nairsuraj2111.c","second_submission":"shreychechani.c","similarities":{"MAX":0.9502762430939227,"AVG":0.9222520107238605}},{"first_submission":"ekanshsaraswat11.c","second_submission":"shreychechani.c","similarities":{"MAX":0.9502762430939227,"AVG":0.9222520107238605}},{"first_submission":"astitwarajawat.c","second_submission":"mananrathi21.c","similarities":{"MAX":0.9606741573033708,"AVG":0.921832884097035}},{"first_submission":"anushkasharma142.c","second_submission":"shreychechani.c","similarities":{"MAX":0.9553072625698324,"AVG":0.921832884097035}},{"first_submission":"kaushalaman1225.c","second_submission":"Mayank_06.c","similarities":{"MAX":0.9550561797752809,"AVG":0.9214092140921409}},{"first_submission":"kaushalaman1225.c","second_submission":"mohitttsh123.c","similarities":{"MAX":0.9550561797752809,"AVG":0.9214092140921409}},{"first_submission":"kaushalaman1225.c","second_submission":"gursnehkaur1.c","similarities":{"MAX":0.9550561797752809,"AVG":0.9214092140921409}},{"first_submission":"astitwarajawat.c","second_submission":"ARYAMANBOHRA.c","similarities":{"MAX":0.9550561797752809,"AVG":0.9214092140921409}},{"first_submission":"yogeshmahawar781.c","second_submission":"ABHIDHEYSINGH.c","similarities":{"MAX":0.9491525423728814,"AVG":0.9205479452054794}},{"first_submission":"nairsuraj2111.c","second_submission":"mananrathi21.c","similarities":{"MAX":0.9502762430939227,"AVG":0.9197860962566845}},{"first_submission":"ekanshsaraswat11.c","second_submission":"mananrathi21.c","similarities":{"MAX":0.9502762430939227,"AVG":0.9197860962566845}},{"first_submission":"ekanshsaraswat11.c","second_submission":"Mayank_06.c","similarities":{"MAX":0.9447513812154696,"AVG":0.9193548387096774}},{"first_submission":"ekanshsaraswat11.c","second_submission":"mohitttsh123.c","similarities":{"MAX":0.9447513812154696,"AVG":0.9193548387096774}},{"first_submission":"ekanshsaraswat11.c","second_submission":"gursnehkaur1.c","similarities":{"MAX":0.9447513812154696,"AVG":0.9193548387096774}},{"first_submission":"astitwarajawat.c","second_submission":"shreychechani.c","similarities":{"MAX":0.9550561797752809,"AVG":0.918918918918919}},{"first_submission":"suhaniagarwal151.c","second_submission":"prathambansal111.c","similarities":{"MAX":0.9441340782122905,"AVG":0.9184782608695652}},{"first_submission":"yogeshmahawar781.c","second_submission":"prathambansal111.c","similarities":{"MAX":0.9491525423728814,"AVG":0.9180327868852459}},{"first_submission":"kaushalaman1225.c","second_submission":"ARYAMANBOHRA.c","similarities":{"MAX":0.949438202247191,"AVG":0.9159891598915989}},{"first_submission":"tusharparihar041.c","second_submission":"Mayank_06.c","similarities":{"MAX":0.9251336898395722,"AVG":0.9153439153439153}},{"first_submission":"tusharparihar041.c","second_submission":"mohitttsh123.c","similarities":{"MAX":0.9251336898395722,"AVG":0.9153439153439153}},{"first_submission":"tusharparihar041.c","second_submission":"gursnehkaur1.c","similarities":{"MAX":0.9251336898395722,"AVG":0.9153439153439153}},{"first_submission":"riddhikhandelwal.c","second_submission":"prathambansal111.c","similarities":{"MAX":0.9197860962566845,"AVG":0.9148936170212766}},{"first_submission":"riddhikhandelwal.c","second_submission":"tusharparihar041.c","similarities":{"MAX":0.9144385026737968,"AVG":0.9144385026737968}},{"first_submission":"suhaniagarwal151.c","second_submission":"Mayank_06.c","similarities":{"MAX":0.9441340782122905,"AVG":0.9135135135135135}},{"first_submission":"kaushalaman1225.c","second_submission":"shreychechani.c","similarities":{"MAX":0.949438202247191,"AVG":0.9135135135135135}},{"first_submission":"suhaniagarwal151.c","second_submission":"mohitttsh123.c","similarities":{"MAX":0.9441340782122905,"AVG":0.9135135135135135}},{"first_submission":"suhaniagarwal151.c","second_submission":"ARYAMANBOHRA.c","similarities":{"MAX":0.9441340782122905,"AVG":0.9135135135135135}},{"first_submission":"suhaniagarwal151.c","second_submission":"gursnehkaur1.c","similarities":{"MAX":0.9441340782122905,"AVG":0.9135135135135135}},{"first_submission":"mananrathi21.c","second_submission":"sharma2005bobby.c","similarities":{"MAX":0.927461139896373,"AVG":0.9132653061224489}},{"first_submission":"yogeshmahawar781.c","second_submission":"Mayank_06.c","similarities":{"MAX":0.9491525423728814,"AVG":0.9130434782608695}},{"first_submission":"yogeshmahawar781.c","second_submission":"mohitttsh123.c","similarities":{"MAX":0.9491525423728814,"AVG":0.9130434782608695}},{"first_submission":"yogeshmahawar781.c","second_submission":"ARYAMANBOHRA.c","similarities":{"MAX":0.9491525423728814,"AVG":0.9130434782608695}},{"first_submission":"yogeshmahawar781.c","second_submission":"gursnehkaur1.c","similarities":{"MAX":0.9491525423728814,"AVG":0.9130434782608695}},{"first_submission":"Mayank_06.c","second_submission":"RUPALIGOYAL.c","similarities":{"MAX":0.9842931937172775,"AVG":0.912621359223301}},{"first_submission":"mohitttsh123.c","second_submission":"RUPALIGOYAL.c","similarities":{"MAX":0.9842931937172775,"AVG":0.912621359223301}},{"first_submission":"gursnehkaur1.c","second_submission":"RUPALIGOYAL.c","similarities":{"MAX":0.9842931937172775,"AVG":0.912621359223301}},{"first_submission":"ABHIDHEYSINGH.c","second_submission":"prathambansal111.c","similarities":{"MAX":0.9148936170212766,"AVG":0.9124668435013262}},{"first_submission":"tusharparihar041.c","second_submission":"ABHIDHEYSINGH.c","similarities":{"MAX":0.9144385026737968,"AVG":0.912}},{"first_submission":"suhaniagarwal151.c","second_submission":"shreychechani.c","similarities":{"MAX":0.9441340782122905,"AVG":0.9110512129380054}},{"first_submission":"yogeshmahawar781.c","second_submission":"shreychechani.c","similarities":{"MAX":0.9491525423728814,"AVG":0.9105691056910569}},{"first_submission":"riddhikhandelwal.c","second_submission":"Mayank_06.c","similarities":{"MAX":0.9197860962566845,"AVG":0.91005291005291}},{"first_submission":"riddhikhandelwal.c","second_submission":"mohitttsh123.c","similarities":{"MAX":0.9197860962566845,"AVG":0.91005291005291}},{"first_submission":"riddhikhandelwal.c","second_submission":"gursnehkaur1.c","similarities":{"MAX":0.9197860962566845,"AVG":0.91005291005291}},{"first_submission":"tusharparihar041.c","second_submission":"prathambansal111.c","similarities":{"MAX":0.9144385026737968,"AVG":0.9095744680851063}},{"first_submission":"suhaniagarwal151.c","second_submission":"mananrathi21.c","similarities":{"MAX":0.9441340782122905,"AVG":0.9086021505376344}},{"first_submission":"yogeshmahawar781.c","second_submission":"mananrathi21.c","similarities":{"MAX":0.9491525423728814,"AVG":0.9081081081081082}},{"first_submission":"ABHIDHEYSINGH.c","second_submission":"Mayank_06.c","similarities":{"MAX":0.9148936170212766,"AVG":0.9076517150395779}},{"first_submission":"ABHIDHEYSINGH.c","second_submission":"mohitttsh123.c","similarities":{"MAX":0.9148936170212766,"AVG":0.9076517150395779}},{"first_submission":"ABHIDHEYSINGH.c","second_submission":"gursnehkaur1.c","similarities":{"MAX":0.9148936170212766,"AVG":0.9076517150395779}},{"first_submission":"tanveerkanderiy1.c","second_submission":"sharma2005bobby.c","similarities":{"MAX":0.9940119760479041,"AVG":0.907103825136612}},{"first_submission":"rahul9coc.c","second_submission":"sharma2005bobby.c","similarities":{"MAX":0.9940119760479041,"AVG":0.907103825136612}},{"first_submission":"anmolsahu2.c","second_submission":"sharma2005bobby.c","similarities":{"MAX":0.9940119760479041,"AVG":0.907103825136612}},{"first_submission":"AYUSHSHARMA2023.c","second_submission":"sharma2005bobby.c","similarities":{"MAX":0.9940119760479041,"AVG":0.907103825136612}},{"first_submission":"ARYAMANBOHRA.c","second_submission":"Mayank_06.c","similarities":{"MAX":0.9057591623036649,"AVG":0.9057591623036649}},{"first_submission":"ARYAMANBOHRA.c","second_submission":"mohitttsh123.c","similarities":{"MAX":0.9057591623036649,"AVG":0.9057591623036649}},{"first_submission":"ARYAMANBOHRA.c","second_submission":"gursnehkaur1.c","similarities":{"MAX":0.9057591623036649,"AVG":0.9057591623036649}},{"first_submission":"prathambansal111.c","second_submission":"mananrathi21.c","similarities":{"MAX":0.9153439153439153,"AVG":0.9057591623036649}},{"first_submission":"shreychechani.c","second_submission":"RUPALIGOYAL.c","similarities":{"MAX":0.9739583333333334,"AVG":0.9055690072639225}},{"first_submission":"riddhikhandelwal.c","second_submission":"mananrathi21.c","similarities":{"MAX":0.9197860962566845,"AVG":0.9052631578947369}},{"first_submission":"riddhikhandelwal.c","second_submission":"ARYAMANBOHRA.c","similarities":{"MAX":0.9144385026737968,"AVG":0.9047619047619048}},{"first_submission":"ABHIDHEYSINGH.c","second_submission":"mananrathi21.c","similarities":{"MAX":0.9148936170212766,"AVG":0.9028871391076115}},{"first_submission":"ABHIDHEYSINGH.c","second_submission":"ARYAMANBOHRA.c","similarities":{"MAX":0.9095744680851063,"AVG":0.9023746701846965}},{"first_submission":"riddhikhandelwal.c","second_submission":"shreychechani.c","similarities":{"MAX":0.9144385026737968,"AVG":0.9023746701846965}},{"first_submission":"ABHIDHEYSINGH.c","second_submission":"shreychechani.c","similarities":{"MAX":0.9095744680851063,"AVG":0.9}},{"first_submission":"tusharparihar041.c","second_submission":"mananrathi21.c","similarities":{"MAX":0.9144385026737968,"AVG":0.9}},{"first_submission":"prathambansal111.c","second_submission":"shreychechani.c","similarities":{"MAX":0.9047619047619048,"AVG":0.8976377952755905}},{"first_submission":"Mayank_06.c","second_submission":"mananrathi21.c","similarities":{"MAX":0.900523560209424,"AVG":0.8958333333333334}},{"first_submission":"mohitttsh123.c","second_submission":"mananrathi21.c","similarities":{"MAX":0.900523560209424,"AVG":0.8958333333333334}},{"first_submission":"gursnehkaur1.c","second_submission":"mananrathi21.c","similarities":{"MAX":0.900523560209424,"AVG":0.8958333333333334}},{"first_submission":"ARYAMANBOHRA.c","second_submission":"mananrathi21.c","similarities":{"MAX":0.8952879581151832,"AVG":0.890625}},{"first_submission":"shreychechani.c","second_submission":"mananrathi21.c","similarities":{"MAX":0.890625,"AVG":0.8883116883116883}},{"first_submission":"kaushalaman1225.c","second_submission":"sharma2005bobby.c","similarities":{"MAX":0.9382022471910112,"AVG":0.8859416445623343}},{"first_submission":"astitwarajawat.c","second_submission":"sharma2005bobby.c","similarities":{"MAX":0.9382022471910112,"AVG":0.8859416445623343}},{"first_submission":"anushkasharma142.c","second_submission":"sharma2005bobby.c","similarities":{"MAX":0.9329608938547486,"AVG":0.8835978835978836}},{"first_submission":"yogeshmahawar781.c","second_submission":"sharma2005bobby.c","similarities":{"MAX":0.9378531073446328,"AVG":0.8829787234042553}},{"first_submission":"nairsuraj2111.c","second_submission":"sharma2005bobby.c","similarities":{"MAX":0.9226519337016574,"AVG":0.8789473684210526}},{"first_submission":"ekanshsaraswat11.c","second_submission":"sharma2005bobby.c","similarities":{"MAX":0.9226519337016574,"AVG":0.8789473684210526}},{"first_submission":"suhaniagarwal151.c","second_submission":"sharma2005bobby.c","similarities":{"MAX":0.9273743016759777,"AVG":0.8783068783068783}},{"first_submission":"tusharparihar041.c","second_submission":"sharma2005bobby.c","similarities":{"MAX":0.893048128342246,"AVG":0.8652849740932642}},{"first_submission":"riddhikhandelwal.c","second_submission":"sharma2005bobby.c","similarities":{"MAX":0.893048128342246,"AVG":0.8652849740932642}},{"first_submission":"ABHIDHEYSINGH.c","second_submission":"sharma2005bobby.c","similarities":{"MAX":0.8882978723404256,"AVG":0.8630490956072352}},{"first_submission":"prathambansal111.c","second_submission":"sharma2005bobby.c","similarities":{"MAX":0.8835978835978836,"AVG":0.8608247422680413}},{"first_submission":"tanveerkanderiy1.c","second_submission":"RUPALIGOYAL.c","similarities":{"MAX":1.0,"AVG":0.8608247422680413}},{"first_submission":"rahul9coc.c","second_submission":"RUPALIGOYAL.c","similarities":{"MAX":1.0,"AVG":0.8608247422680413}},{"first_submission":"anmolsahu2.c","second_submission":"RUPALIGOYAL.c","similarities":{"MAX":1.0,"AVG":0.8608247422680413}},{"first_submission":"AYUSHSHARMA2023.c","second_submission":"RUPALIGOYAL.c","similarities":{"MAX":1.0,"AVG":0.8608247422680413}},{"first_submission":"nairsuraj2111.c","second_submission":"RUPALIGOYAL.c","similarities":{"MAX":0.9558011049723757,"AVG":0.8606965174129353}},{"first_submission":"anushkasharma142.c","second_submission":"RUPALIGOYAL.c","similarities":{"MAX":0.9608938547486033,"AVG":0.86}},{"first_submission":"kaushalaman1225.c","second_submission":"RUPALIGOYAL.c","similarities":{"MAX":0.9606741573033708,"AVG":0.8571428571428571}},{"first_submission":"astitwarajawat.c","second_submission":"RUPALIGOYAL.c","similarities":{"MAX":0.9606741573033708,"AVG":0.8571428571428571}},{"first_submission":"Mayank_06.c","second_submission":"sharma2005bobby.c","similarities":{"MAX":0.8743455497382199,"AVG":0.8564102564102564}},{"first_submission":"mohitttsh123.c","second_submission":"sharma2005bobby.c","similarities":{"MAX":0.8743455497382199,"AVG":0.8564102564102564}},{"first_submission":"ARYAMANBOHRA.c","second_submission":"sharma2005bobby.c","similarities":{"MAX":0.8743455497382199,"AVG":0.8564102564102564}},{"first_submission":"gursnehkaur1.c","second_submission":"sharma2005bobby.c","similarities":{"MAX":0.8743455497382199,"AVG":0.8564102564102564}},{"first_submission":"shreychechani.c","second_submission":"sharma2005bobby.c","similarities":{"MAX":0.8697916666666666,"AVG":0.8542199488491049}},{"first_submission":"ekanshsaraswat11.c","second_submission":"RUPALIGOYAL.c","similarities":{"MAX":0.9447513812154696,"AVG":0.8507462686567164}},{"first_submission":"tusharparihar041.c","second_submission":"RUPALIGOYAL.c","similarities":{"MAX":0.9251336898395722,"AVG":0.8480392156862745}},{"first_submission":"suhaniagarwal151.c","second_submission":"RUPALIGOYAL.c","similarities":{"MAX":0.9441340782122905,"AVG":0.845}},{"first_submission":"yogeshmahawar781.c","second_submission":"RUPALIGOYAL.c","similarities":{"MAX":0.9491525423728814,"AVG":0.8442211055276382}},{"first_submission":"riddhikhandelwal.c","second_submission":"RUPALIGOYAL.c","similarities":{"MAX":0.9197860962566845,"AVG":0.8431372549019608}},{"first_submission":"ABHIDHEYSINGH.c","second_submission":"RUPALIGOYAL.c","similarities":{"MAX":0.9148936170212766,"AVG":0.8410757946210269}},{"first_submission":"ARYAMANBOHRA.c","second_submission":"RUPALIGOYAL.c","similarities":{"MAX":0.9057591623036649,"AVG":0.8398058252427184}},{"first_submission":"prathambansal111.c","second_submission":"RUPALIGOYAL.c","similarities":{"MAX":0.91005291005291,"AVG":0.8390243902439024}},{"first_submission":"mananrathi21.c","second_submission":"RUPALIGOYAL.c","similarities":{"MAX":0.8963730569948186,"AVG":0.8357487922705314}},{"first_submission":"sharma2005bobby.c","second_submission":"RUPALIGOYAL.c","similarities":{"MAX":0.8391959798994975,"AVG":0.7952380952380952}}],"clusters":[],"total_comparisons":253}