{"id1":"prathambansal111.c","id2":"mananrathi21.c","similarities":{"MAX":0.9153439153439153,"AVG":0.9057591623036649},"matches":[{"file1":"prathambansal111.c/prathambansal111.c","file2":"mananrathi21.c/mananrathi21.c","start1":41,"start1_col":9,"startToken1":33,"end1":191,"end1_col":1,"endToken1":188,"start2":44,"start2_col":9,"startToken2":37,"end2":194,"endToken2":1,"end2_col":192,"tokens":156},{"file1":"prathambansal111.c/prathambansal111.c","file2":"mananrathi21.c/mananrathi21.c","start1":12,"start1_col":1,"startToken1":0,"end1":30,"end1_col":14,"endToken1":16,"start2":12,"start2_col":1,"startToken2":0,"end2":30,"endToken2":24,"end2_col":16,"tokens":17}],"first_similarity":0.9153439153439153,"second_similarity":0.8963730569948186}