{"id1":"prathambansal111.c","id2":"sharma2005bobby.c","similarities":{"MAX":0.8835978835978836,"AVG":0.8608247422680413},"matches":[{"file1":"prathambansal111.c/prathambansal111.c","file2":"sharma2005bobby.c/sharma2005bobby.c","start1":43,"start1_col":5,"startToken1":35,"end1":191,"end1_col":1,"endToken1":188,"start2":49,"start2_col":5,"startToken2":45,"end2":198,"endToken2":1,"end2_col":198,"tokens":154},{"file1":"prathambansal111.c/prathambansal111.c","file2":"sharma2005bobby.c/sharma2005bobby.c","start1":12,"start1_col":1,"startToken1":0,"end1":28,"end1_col":45,"endToken1":12,"start2":12,"start2_col":1,"startToken2":0,"end2":28,"endToken2":42,"end2_col":12,"tokens":13}],"first_similarity":0.8835978835978836,"second_similarity":0.8391959798994975}