{"id1":"prathambansal111.c","id2":"ARYAMANBOHRA.c","similarities":{"MAX":0.9735449735449735,"AVG":0.968421052631579},"matches":[{"file1":"prathambansal111.c/prathambansal111.c","file2":"ARYAMANBOHRA.c/ARYAMANBOHRA.c","start1":42,"start1_col":5,"startToken1":34,"end1":191,"end1_col":1,"endToken1":188,"start2":45,"start2_col":5,"startToken2":36,"end2":195,"endToken2":1,"end2_col":190,"tokens":155},{"file1":"prathambansal111.c/prathambansal111.c","file2":"ARYAMANBOHRA.c/ARYAMANBOHRA.c","start1":12,"start1_col":1,"startToken1":0,"end1":30,"end1_col":10,"endToken1":15,"start2":12,"start2_col":1,"startToken2":0,"end2":29,"endToken2":10,"end2_col":15,"tokens":16},{"file1":"prathambansal111.c/prathambansal111.c","file2":"ARYAMANBOHRA.c/ARYAMANBOHRA.c","start1":33,"start1_col":9,"startToken1":21,"end1":41,"end1_col":9,"endToken1":33,"start2":35,"start2_col":9,"startToken2":22,"end2":43,"endToken2":9,"end2_col":34,"tokens":13}],"first_similarity":0.9735449735449735,"second_similarity":0.9633507853403142}