{"id1":"prathambansal111.c","id2":"mohitttsh123.c","similarities":{"MAX":1.0,"AVG":0.9947368421052631},"matches":[{"file1":"prathambansal111.c/prathambansal111.c","file2":"mohitttsh123.c/mohitttsh123.c","start1":39,"start1_col":13,"startToken1":31,"end1":191,"end1_col":1,"endToken1":188,"start2":39,"start2_col":34,"startToken2":33,"end2":192,"endToken2":1,"end2_col":190,"tokens":158},{"file1":"prathambansal111.c/prathambansal111.c","file2":"mohitttsh123.c/mohitttsh123.c","start1":12,"start1_col":1,"startToken1":0,"end1":30,"end1_col":10,"endToken1":15,"start2":12,"start2_col":1,"startToken2":0,"end2":30,"endToken2":10,"end2_col":15,"tokens":16},{"file1":"prathambansal111.c/prathambansal111.c","file2":"mohitttsh123.c/mohitttsh123.c","start1":30,"start1_col":14,"startToken1":16,"end1":39,"end1_col":12,"endToken1":30,"start2":31,"start2_col":10,"startToken2":17,"end2":39,"endToken2":12,"end2_col":31,"tokens":15}],"first_similarity":1.0,"second_similarity":0.9895287958115183}