{"id1":"rahul9coc.c","id2":"prathambansal111.c","similarities":{"MAX":1.0,"AVG":0.9382022471910112},"matches":[{"file1":"rahul9coc.c/rahul9coc.c","file2":"prathambansal111.c/prathambansal111.c","start1":31,"start1_col":1,"startToken1":14,"end1":178,"end1_col":1,"endToken1":166,"start2":44,"start2_col":1,"startToken2":36,"end2":191,"endToken2":1,"end2_col":188,"tokens":153},{"file1":"rahul9coc.c/rahul9coc.c","file2":"prathambansal111.c/prathambansal111.c","start1":12,"start1_col":1,"startToken1":0,"end1":28,"end1_col":55,"endToken1":13,"start2":12,"start2_col":1,"startToken2":0,"end2":28,"endToken2":55,"end2_col":13,"tokens":14}],"first_similarity":1.0,"second_similarity":0.8835978835978836}