{"id1":"riddhikhandelwal.c","id2":"mananrathi21.c","similarities":{"MAX":0.9197860962566845,"AVG":0.9052631578947369},"matches":[{"file1":"riddhikhandelwal.c/riddhikhandelwal.c","file2":"mananrathi21.c/mananrathi21.c","start1":38,"start1_col":9,"startToken1":31,"end1":188,"end1_col":1,"endToken1":186,"start2":44,"start2_col":9,"startToken2":37,"end2":194,"endToken2":1,"end2_col":192,"tokens":156},{"file1":"riddhikhandelwal.c/riddhikhandelwal.c","file2":"mananrathi21.c/mananrathi21.c","start1":12,"start1_col":1,"startToken1":0,"end1":29,"end1_col":14,"endToken1":15,"start2":12,"start2_col":1,"startToken2":0,"end2":30,"endToken2":15,"end2_col":15,"tokens":16}],"first_similarity":0.9197860962566845,"second_similarity":0.8911917098445595}