{"id1":"riddhikhandelwal.c","id2":"ABHIDHEYSINGH.c","similarities":{"MAX":0.9251336898395722,"AVG":0.9226666666666666},"matches":[{"file1":"riddhikhandelwal.c/riddhikhandelwal.c","file2":"ABHIDHEYSINGH.c/ABHIDHEYSINGH.c","start1":38,"start1_col":9,"startToken1":31,"end1":188,"end1_col":1,"endToken1":186,"start2":41,"start2_col":9,"startToken2":32,"end2":190,"endToken2":1,"end2_col":187,"tokens":156},{"file1":"riddhikhandelwal.c/riddhikhandelwal.c","file2":"ABHIDHEYSINGH.c/ABHIDHEYSINGH.c","start1":12,"start1_col":1,"startToken1":0,"end1":30,"end1_col":7,"endToken1":16,"start2":12,"start2_col":1,"startToken2":0,"end2":31,"endToken2":7,"end2_col":16,"tokens":17}],"first_similarity":0.9251336898395722,"second_similarity":0.9202127659574468}