{"id1":"sharma2005bobby.c","id2":"RUPALIGOYAL.c","similarities":{"MAX":0.8391959798994975,"AVG":0.7952380952380952},"matches":[{"file1":"sharma2005bobby.c/sharma2005bobby.c","file2":"RUPALIGOYAL.c/RUPALIGOYAL.c","start1":49,"start1_col":5,"startToken1":45,"end1":198,"end1_col":1,"endToken1":198,"start2":83,"start2_col":5,"startToken2":67,"end2":234,"endToken2":1,"end2_col":220,"tokens":154},{"file1":"sharma2005bobby.c/sharma2005bobby.c","file2":"RUPALIGOYAL.c/RUPALIGOYAL.c","start1":12,"start1_col":1,"startToken1":0,"end1":28,"end1_col":42,"endToken1":12,"start2":12,"start2_col":1,"startToken2":0,"end2":28,"endToken2":45,"end2_col":12,"tokens":13}],"first_similarity":0.8391959798994975,"second_similarity":0.755656108597285}