{"id1":"shreychechani.c","id2":"RUPALIGOYAL.c","similarities":{"MAX":0.9739583333333334,"AVG":0.9055690072639225},"matches":[{"file1":"shreychechani.c/shreychechani.c","file2":"RUPALIGOYAL.c/RUPALIGOYAL.c","start1":46,"start1_col":5,"startToken1":37,"end1":197,"end1_col":1,"endToken1":191,"start2":82,"start2_col":5,"startToken2":66,"end2":234,"endToken2":1,"end2_col":220,"tokens":155},{"file1":"shreychechani.c/shreychechani.c","file2":"RUPALIGOYAL.c/RUPALIGOYAL.c","start1":12,"start1_col":1,"startToken1":0,"end1":31,"end1_col":10,"endToken1":17,"start2":12,"start2_col":1,"startToken2":0,"end2":32,"endToken2":9,"end2_col":17,"tokens":18},{"file1":"shreychechani.c/shreychechani.c","file2":"RUPALIGOYAL.c/RUPALIGOYAL.c","start1":34,"start1_col":9,"startToken1":22,"end1":44,"end1_col":9,"endToken1":35,"start2":45,"start2_col":9,"startToken2":30,"end2":56,"endToken2":9,"end2_col":43,"tokens":14}],"first_similarity":0.9739583333333334,"second_similarity":0.8461538461538461}