{"id1":"shreychechani.c","id2":"sharma2005bobby.c","similarities":{"MAX":0.8697916666666666,"AVG":0.8542199488491049},"matches":[{"file1":"shreychechani.c/shreychechani.c","file2":"sharma2005bobby.c/sharma2005bobby.c","start1":47,"start1_col":5,"startToken1":38,"end1":197,"end1_col":1,"endToken1":191,"start2":49,"start2_col":5,"startToken2":45,"end2":198,"endToken2":1,"end2_col":198,"tokens":154},{"file1":"shreychechani.c/shreychechani.c","file2":"sharma2005bobby.c/sharma2005bobby.c","start1":12,"start1_col":1,"startToken1":0,"end1":28,"end1_col":45,"endToken1":12,"start2":12,"start2_col":1,"startToken2":0,"end2":28,"endToken2":42,"end2_col":12,"tokens":13}],"first_similarity":0.8697916666666666,"second_similarity":0.8391959798994975}