{"submission_file_indexes":{"nairsuraj2111.c":{"nairsuraj2111.c/nairsuraj2111.c":{"token_count":182}},"mananrathi21.c":{"mananrathi21.c/mananrathi21.c":{"token_count":194}},"RUPALIGOYAL.c":{"RUPALIGOYAL.c/RUPALIGOYAL.c":{"token_count":222}},"ARYAMANBOHRA.c":{"ARYAMANBOHRA.c/ARYAMANBOHRA.c":{"token_count":192}},"anmolsahu2.c":{"anmolsahu2.c/anmolsahu2.c":{"token_count":168}},"yogeshmahawar781.c":{"yogeshmahawar781.c/yogeshmahawar781.c":{"token_count":178}},"ekanshsaraswat11.c":{"ekanshsaraswat11.c/ekanshsaraswat11.c":{"token_count":182}},"rahul9coc.c":{"rahul9coc.c/rahul9coc.c":{"token_count":168}},"AYUSHSHARMA2023.c":{"AYUSHSHARMA2023.c/AYUSHSHARMA2023.c":{"token_count":168}},"kaushalaman1225.c":{"kaushalaman1225.c/kaushalaman1225.c":{"token_count":179}},"sharma2005bobby.c":{"sharma2005bobby.c/sharma2005bobby.c":{"token_count":200}},"riddhikhandelwal.c":{"riddhikhandelwal.c/riddhikhandelwal.c":{"token_count":188}},"tusharparihar041.c":{"tusharparihar041.c/tusharparihar041.c":{"token_count":188}},"prathambansal111.c":{"prathambansal111.c/prathambansal111.c":{"token_count":190}},"gursnehkaur1.c":{"gursnehkaur1.c/gursnehkaur1.c":{"token_count":192}},"shreychechani.c":{"shreychechani.c/shreychechani.c":{"token_count":193}},"mohitttsh123.c":{"mohitttsh123.c/mohitttsh123.c":{"token_count":192}},"astitwarajawat.c":{"astitwarajawat.c/astitwarajawat.c":{"token_count":179}},"suhaniagarwal151.c":{"suhaniagarwal151.c/suhaniagarwal151.c":{"token_count":180}},"tanveerkanderiy1.c":{"tanveerkanderiy1.c/tanveerkanderiy1.c":{"token_count":168}},"Mayank_06.c":{"Mayank_06.c/Mayank_06.c":{"token_count":192}},"anushkasharma142.c":{"anushkasharma142.c/anushkasharma142.c":{"token_count":180}},"ABHIDHEYSINGH.c":{"ABHIDHEYSINGH.c/ABHIDHEYSINGH.c":{"token_count":189}}}}