{"id1":"suhaniagarwal151.c","id2":"riddhikhandelwal.c","similarities":{"MAX":0.9497206703910615,"AVG":0.9289617486338798},"matches":[{"file1":"suhaniagarwal151.c/suhaniagarwal151.c","file2":"riddhikhandelwal.c/riddhikhandelwal.c","start1":49,"start1_col":34,"startToken1":38,"end1":184,"end1_col":1,"endToken1":178,"start2":53,"start2_col":27,"startToken2":46,"end2":188,"endToken2":1,"end2_col":186,"tokens":141},{"file1":"suhaniagarwal151.c/suhaniagarwal151.c","file2":"riddhikhandelwal.c/riddhikhandelwal.c","start1":12,"start1_col":1,"startToken1":0,"end1":31,"end1_col":7,"endToken1":16,"start2":12,"start2_col":1,"startToken2":0,"end2":30,"endToken2":7,"end2_col":16,"tokens":17},{"file1":"suhaniagarwal151.c/suhaniagarwal151.c","file2":"riddhikhandelwal.c/riddhikhandelwal.c","start1":37,"start1_col":1,"startToken1":25,"end1":49,"end1_col":14,"endToken1":36,"start2":41,"start2_col":1,"startToken2":34,"end2":53,"endToken2":14,"end2_col":45,"tokens":12}],"first_similarity":0.9497206703910615,"second_similarity":0.9090909090909091}