{"id1":"suhaniagarwal151.c","id2":"ABHIDHEYSINGH.c","similarities":{"MAX":0.9776536312849162,"AVG":0.9536784741144414},"matches":[{"file1":"suhaniagarwal151.c/suhaniagarwal151.c","file2":"ABHIDHEYSINGH.c/ABHIDHEYSINGH.c","start1":49,"start1_col":34,"startToken1":38,"end1":184,"end1_col":1,"endToken1":178,"start2":55,"start2_col":27,"startToken2":47,"end2":190,"endToken2":1,"end2_col":187,"tokens":141},{"file1":"suhaniagarwal151.c/suhaniagarwal151.c","file2":"ABHIDHEYSINGH.c/ABHIDHEYSINGH.c","start1":12,"start1_col":1,"startToken1":0,"end1":32,"end1_col":31,"endToken1":21,"start2":12,"start2_col":1,"startToken2":0,"end2":32,"endToken2":27,"end2_col":21,"tokens":22},{"file1":"suhaniagarwal151.c/suhaniagarwal151.c","file2":"ABHIDHEYSINGH.c/ABHIDHEYSINGH.c","start1":37,"start1_col":1,"startToken1":25,"end1":49,"end1_col":14,"endToken1":36,"start2":44,"start2_col":1,"startToken2":35,"end2":55,"endToken2":14,"end2_col":46,"tokens":12}],"first_similarity":0.9776536312849162,"second_similarity":0.9308510638297872}