{"id1":"suhaniagarwal151.c","id2":"shreychechani.c","similarities":{"MAX":0.9441340782122905,"AVG":0.9110512129380054},"matches":[{"file1":"suhaniagarwal151.c/suhaniagarwal151.c","file2":"shreychechani.c/shreychechani.c","start1":49,"start1_col":34,"startToken1":38,"end1":184,"end1_col":1,"endToken1":178,"start2":62,"start2_col":27,"startToken2":51,"end2":197,"endToken2":1,"end2_col":191,"tokens":141},{"file1":"suhaniagarwal151.c/suhaniagarwal151.c","file2":"shreychechani.c/shreychechani.c","start1":12,"start1_col":1,"startToken1":0,"end1":30,"end1_col":10,"endToken1":15,"start2":12,"start2_col":1,"startToken2":0,"end2":30,"endToken2":10,"end2_col":15,"tokens":16},{"file1":"suhaniagarwal151.c/suhaniagarwal151.c","file2":"shreychechani.c/shreychechani.c","start1":37,"start1_col":1,"startToken1":25,"end1":49,"end1_col":14,"endToken1":36,"start2":50,"start2_col":1,"startToken2":39,"end2":62,"endToken2":14,"end2_col":50,"tokens":12}],"first_similarity":0.9441340782122905,"second_similarity":0.8802083333333334}