{"id1":"suhaniagarwal151.c","id2":"RUPALIGOYAL.c","similarities":{"MAX":0.9441340782122905,"AVG":0.845},"matches":[{"file1":"suhaniagarwal151.c/suhaniagarwal151.c","file2":"RUPALIGOYAL.c/RUPALIGOYAL.c","start1":49,"start1_col":34,"startToken1":38,"end1":184,"end1_col":1,"endToken1":178,"start2":99,"start2_col":27,"startToken2":80,"end2":234,"endToken2":1,"end2_col":220,"tokens":141},{"file1":"suhaniagarwal151.c/suhaniagarwal151.c","file2":"RUPALIGOYAL.c/RUPALIGOYAL.c","start1":12,"start1_col":1,"startToken1":0,"end1":30,"end1_col":10,"endToken1":15,"start2":12,"start2_col":1,"startToken2":0,"end2":30,"endToken2":12,"end2_col":15,"tokens":16},{"file1":"suhaniagarwal151.c/suhaniagarwal151.c","file2":"RUPALIGOYAL.c/RUPALIGOYAL.c","start1":37,"start1_col":1,"startToken1":25,"end1":49,"end1_col":14,"endToken1":36,"start2":87,"start2_col":1,"startToken2":68,"end2":99,"endToken2":14,"end2_col":79,"tokens":12}],"first_similarity":0.9441340782122905,"second_similarity":0.7647058823529411}