{"id1":"suhaniagarwal151.c","id2":"sharma2005bobby.c","similarities":{"MAX":0.9273743016759777,"AVG":0.8783068783068783},"matches":[{"file1":"suhaniagarwal151.c/suhaniagarwal151.c","file2":"sharma2005bobby.c/sharma2005bobby.c","start1":49,"start1_col":34,"startToken1":38,"end1":184,"end1_col":1,"endToken1":178,"start2":63,"start2_col":27,"startToken2":58,"end2":198,"endToken2":1,"end2_col":198,"tokens":141},{"file1":"suhaniagarwal151.c/suhaniagarwal151.c","file2":"sharma2005bobby.c/sharma2005bobby.c","start1":12,"start1_col":1,"startToken1":0,"end1":28,"end1_col":45,"endToken1":12,"start2":12,"start2_col":1,"startToken2":0,"end2":28,"endToken2":42,"end2_col":12,"tokens":13},{"file1":"suhaniagarwal151.c/suhaniagarwal151.c","file2":"sharma2005bobby.c/sharma2005bobby.c","start1":37,"start1_col":1,"startToken1":25,"end1":49,"end1_col":14,"endToken1":36,"start2":51,"start2_col":1,"startToken2":46,"end2":63,"endToken2":14,"end2_col":57,"tokens":12}],"first_similarity":0.9273743016759777,"second_similarity":0.8341708542713567}