{"id1":"suhaniagarwal151.c","id2":"mohitttsh123.c","similarities":{"MAX":0.9441340782122905,"AVG":0.9135135135135135},"matches":[{"file1":"suhaniagarwal151.c/suhaniagarwal151.c","file2":"mohitttsh123.c/mohitttsh123.c","start1":49,"start1_col":34,"startToken1":38,"end1":184,"end1_col":1,"endToken1":178,"start2":57,"start2_col":27,"startToken2":50,"end2":192,"endToken2":1,"end2_col":190,"tokens":141},{"file1":"suhaniagarwal151.c/suhaniagarwal151.c","file2":"mohitttsh123.c/mohitttsh123.c","start1":12,"start1_col":1,"startToken1":0,"end1":30,"end1_col":10,"endToken1":15,"start2":12,"start2_col":1,"startToken2":0,"end2":30,"endToken2":10,"end2_col":15,"tokens":16},{"file1":"suhaniagarwal151.c/suhaniagarwal151.c","file2":"mohitttsh123.c/mohitttsh123.c","start1":37,"start1_col":1,"startToken1":25,"end1":49,"end1_col":14,"endToken1":36,"start2":46,"start2_col":1,"startToken2":38,"end2":57,"endToken2":14,"end2_col":49,"tokens":12}],"first_similarity":0.9441340782122905,"second_similarity":0.8848167539267016}