{"id1":"suhaniagarwal151.c","id2":"mananrathi21.c","similarities":{"MAX":0.9441340782122905,"AVG":0.9086021505376344},"matches":[{"file1":"suhaniagarwal151.c/suhaniagarwal151.c","file2":"mananrathi21.c/mananrathi21.c","start1":49,"start1_col":34,"startToken1":38,"end1":184,"end1_col":1,"endToken1":178,"start2":59,"start2_col":27,"startToken2":52,"end2":194,"endToken2":1,"end2_col":192,"tokens":141},{"file1":"suhaniagarwal151.c/suhaniagarwal151.c","file2":"mananrathi21.c/mananrathi21.c","start1":12,"start1_col":1,"startToken1":0,"end1":30,"end1_col":10,"endToken1":15,"start2":12,"start2_col":1,"startToken2":0,"end2":30,"endToken2":15,"end2_col":15,"tokens":16},{"file1":"suhaniagarwal151.c/suhaniagarwal151.c","file2":"mananrathi21.c/mananrathi21.c","start1":37,"start1_col":1,"startToken1":25,"end1":49,"end1_col":14,"endToken1":36,"start2":47,"start2_col":1,"startToken2":40,"end2":59,"endToken2":14,"end2_col":51,"tokens":12}],"first_similarity":0.9441340782122905,"second_similarity":0.8756476683937824}