{"id1":"tanveerkanderiy1.c","id2":"mananrathi21.c","similarities":{"MAX":1.0,"AVG":0.9277777777777778},"matches":[{"file1":"tanveerkanderiy1.c/tanveerkanderiy1.c","file2":"mananrathi21.c/mananrathi21.c","start1":31,"start1_col":1,"startToken1":14,"end1":178,"end1_col":1,"endToken1":166,"start2":47,"start2_col":1,"startToken2":40,"end2":194,"endToken2":1,"end2_col":192,"tokens":153},{"file1":"tanveerkanderiy1.c/tanveerkanderiy1.c","file2":"mananrathi21.c/mananrathi21.c","start1":12,"start1_col":1,"startToken1":0,"end1":28,"end1_col":55,"endToken1":13,"start2":12,"start2_col":1,"startToken2":0,"end2":28,"endToken2":55,"end2_col":13,"tokens":14}],"first_similarity":1.0,"second_similarity":0.8652849740932642}