{"id1":"tanveerkanderiy1.c","id2":"tusharparihar041.c","similarities":{"MAX":1.0,"AVG":0.943502824858757},"matches":[{"file1":"tanveerkanderiy1.c/tanveerkanderiy1.c","file2":"tusharparihar041.c/tusharparihar041.c","start1":31,"start1_col":1,"startToken1":14,"end1":178,"end1_col":1,"endToken1":166,"start2":40,"start2_col":15,"startToken2":34,"end2":187,"endToken2":1,"end2_col":186,"tokens":153},{"file1":"tanveerkanderiy1.c/tanveerkanderiy1.c","file2":"tusharparihar041.c/tusharparihar041.c","start1":12,"start1_col":1,"startToken1":0,"end1":28,"end1_col":55,"endToken1":13,"start2":12,"start2_col":1,"startToken2":0,"end2":28,"endToken2":55,"end2_col":13,"tokens":14}],"first_similarity":1.0,"second_similarity":0.893048128342246}