{"id1":"tusharparihar041.c","id2":"gursnehkaur1.c","similarities":{"MAX":0.9251336898395722,"AVG":0.9153439153439153},"matches":[{"file1":"tusharparihar041.c/tusharparihar041.c","file2":"gursnehkaur1.c/gursnehkaur1.c","start1":40,"start1_col":5,"startToken1":32,"end1":187,"end1_col":1,"endToken1":186,"start2":43,"start2_col":5,"startToken2":36,"end2":192,"endToken2":1,"end2_col":190,"tokens":155},{"file1":"tusharparihar041.c/tusharparihar041.c","file2":"gursnehkaur1.c/gursnehkaur1.c","start1":12,"start1_col":1,"startToken1":0,"end1":31,"end1_col":15,"endToken1":17,"start2":12,"start2_col":1,"startToken2":0,"end2":31,"endToken2":13,"end2_col":17,"tokens":18}],"first_similarity":0.9251336898395722,"second_similarity":0.9057591623036649}