{"id1":"tusharparihar041.c","id2":"RUPALIGOYAL.c","similarities":{"MAX":0.9251336898395722,"AVG":0.8480392156862745},"matches":[{"file1":"tusharparihar041.c/tusharparihar041.c","file2":"RUPALIGOYAL.c/RUPALIGOYAL.c","start1":40,"start1_col":5,"startToken1":32,"end1":187,"end1_col":1,"endToken1":186,"start2":82,"start2_col":5,"startToken2":66,"end2":234,"endToken2":1,"end2_col":220,"tokens":155},{"file1":"tusharparihar041.c/tusharparihar041.c","file2":"RUPALIGOYAL.c/RUPALIGOYAL.c","start1":12,"start1_col":1,"startToken1":0,"end1":31,"end1_col":15,"endToken1":17,"start2":12,"start2_col":1,"startToken2":0,"end2":32,"endToken2":9,"end2_col":17,"tokens":18}],"first_similarity":0.9251336898395722,"second_similarity":0.7828054298642534}