{"id1":"tusharparihar041.c","id2":"ARYAMANBOHRA.c","similarities":{"MAX":0.9625668449197861,"AVG":0.9523809523809523},"matches":[{"file1":"tusharparihar041.c/tusharparihar041.c","file2":"ARYAMANBOHRA.c/ARYAMANBOHRA.c","start1":39,"start1_col":12,"startToken1":31,"end1":187,"end1_col":1,"endToken1":186,"start2":44,"start2_col":13,"startToken2":35,"end2":195,"endToken2":1,"end2_col":190,"tokens":156},{"file1":"tusharparihar041.c/tusharparihar041.c","file2":"ARYAMANBOHRA.c/ARYAMANBOHRA.c","start1":12,"start1_col":1,"startToken1":0,"end1":34,"end1_col":36,"endToken1":23,"start2":12,"start2_col":1,"startToken2":0,"end2":35,"endToken2":32,"end2_col":23,"tokens":24}],"first_similarity":0.9625668449197861,"second_similarity":0.9424083769633508}