{"id1":"yogeshmahawar781.c","id2":"RUPALIGOYAL.c","similarities":{"MAX":0.9491525423728814,"AVG":0.8442211055276382},"matches":[{"file1":"yogeshmahawar781.c/yogeshmahawar781.c","file2":"RUPALIGOYAL.c/RUPALIGOYAL.c","start1":40,"start1_col":1,"startToken1":24,"end1":187,"end1_col":1,"endToken1":176,"start2":87,"start2_col":1,"startToken2":68,"end2":234,"endToken2":1,"end2_col":220,"tokens":153},{"file1":"yogeshmahawar781.c/yogeshmahawar781.c","file2":"RUPALIGOYAL.c/RUPALIGOYAL.c","start1":12,"start1_col":1,"startToken1":0,"end1":31,"end1_col":7,"endToken1":14,"start2":12,"start2_col":1,"startToken2":0,"end2":30,"endToken2":7,"end2_col":14,"tokens":15}],"first_similarity":0.9491525423728814,"second_similarity":0.7601809954751131}