{"id1":"yogeshmahawar781.c","id2":"sharma2005bobby.c","similarities":{"MAX":0.9378531073446328,"AVG":0.8829787234042553},"matches":[{"file1":"yogeshmahawar781.c/yogeshmahawar781.c","file2":"sharma2005bobby.c/sharma2005bobby.c","start1":40,"start1_col":1,"startToken1":24,"end1":187,"end1_col":1,"endToken1":176,"start2":51,"start2_col":1,"startToken2":46,"end2":198,"endToken2":1,"end2_col":198,"tokens":153},{"file1":"yogeshmahawar781.c/yogeshmahawar781.c","file2":"sharma2005bobby.c/sharma2005bobby.c","start1":12,"start1_col":1,"startToken1":0,"end1":28,"end1_col":45,"endToken1":12,"start2":12,"start2_col":1,"startToken2":0,"end2":28,"endToken2":42,"end2_col":12,"tokens":13}],"first_similarity":0.9378531073446328,"second_similarity":0.8341708542713567}