{"id1":"yogeshmahawar781.c","id2":"suhaniagarwal151.c","similarities":{"MAX":0.9491525423728814,"AVG":0.9438202247191011},"matches":[{"file1":"yogeshmahawar781.c/yogeshmahawar781.c","file2":"suhaniagarwal151.c/suhaniagarwal151.c","start1":52,"start1_col":27,"startToken1":36,"end1":187,"end1_col":1,"endToken1":176,"start2":49,"start2_col":34,"startToken2":38,"end2":184,"endToken2":1,"end2_col":178,"tokens":141},{"file1":"yogeshmahawar781.c/yogeshmahawar781.c","file2":"suhaniagarwal151.c/suhaniagarwal151.c","start1":12,"start1_col":1,"startToken1":0,"end1":31,"end1_col":7,"endToken1":14,"start2":12,"start2_col":1,"startToken2":0,"end2":30,"endToken2":7,"end2_col":14,"tokens":15},{"file1":"yogeshmahawar781.c/yogeshmahawar781.c","file2":"suhaniagarwal151.c/suhaniagarwal151.c","start1":40,"start1_col":1,"startToken1":24,"end1":52,"end1_col":14,"endToken1":35,"start2":37,"start2_col":1,"startToken2":25,"end2":49,"endToken2":14,"end2_col":36,"tokens":12}],"first_similarity":0.9491525423728814,"second_similarity":0.9385474860335196}