{"id1":"yogeshmahawar781.c","id2":"kaushalaman1225.c","similarities":{"MAX":0.943502824858757,"AVG":0.9408450704225352},"matches":[{"file1":"yogeshmahawar781.c/yogeshmahawar781.c","file2":"kaushalaman1225.c/kaushalaman1225.c","start1":40,"start1_col":1,"startToken1":24,"end1":187,"end1_col":1,"endToken1":176,"start2":36,"start2_col":1,"startToken2":25,"end2":183,"endToken2":1,"end2_col":177,"tokens":153},{"file1":"yogeshmahawar781.c/yogeshmahawar781.c","file2":"kaushalaman1225.c/kaushalaman1225.c","start1":12,"start1_col":1,"startToken1":0,"end1":28,"end1_col":55,"endToken1":13,"start2":12,"start2_col":1,"startToken2":0,"end2":28,"endToken2":55,"end2_col":13,"tokens":14}],"first_similarity":0.943502824858757,"second_similarity":0.9382022471910112}